order_id,order_date,customer_id,product_id,quantity,unit_price,discount,channel,ordered_at,qty,discount_pct,product_name,category,standard_price,active_flag,full_name,email,province,signup_date,payment_id,payment,paid_at,net_sales
ORD000001,2026-01-08 17:11:00,C0158,P039,2.0,940.5,0.0,Marketplace,,,,Notebook Model 39,Notebook,990.0,N,ลูกค้า 158,customer158@example.com,เชียงใหม่,2024-02-23,PAY000001,"{'method': 'Bank Transfer', 'status': 'PAID'}",2026-01-08 17:30:00,1881.0
ORD000002,2026-01-12 20:13:00,C0123,P038,1.0,12900.0,0.1,Mobile App,,,,Smartphone Model 38,Smartphone,12900.0,N,ลูกค้า 123,customer123@example.com,Rayong,2025-02-26,PAY000002,"{'method': 'Bank Transfer', 'status': 'PAID'}",2026-01-12 22:58:00,11610.0
ORD000003,2026-01-26 14:00:00,C0119,P031,3.0,1415.5,0.05,Web,,,,Smart Home Model 31,Smart Home,1490.0,Y,ลูกค้า 119, customer119@example.com ,ขอนแก่น,2024-12-12,PAY000003,"{'method': 'PromptPay', 'status': 'PAID'}",2026-01-26 14:03:00,4034.1749999999997
ORD000004,2026-01-18 16:18:00,C0065,P003,2.0,25900.0,0.0,Mobile App,,,,Smartphone Model 03,Smartphone,25900.0,Y,ลูกค้า 065,customer065@example.com,ขอนแก่น,2024-06-15,PAY000004,"{'method': 'Bank Transfer', 'status': 'PAID'}",2026-01-18 18:24:00,51800.0
ORD000005,2026-01-08 17:43:00,C0129,P007,2.0,23310.0,0.05,Mobile App,,,,Notebook Model 07,Notebook,25900.0,Y,ลูกค้า 129,customer129@example.com,กทม.,2025-06-03,PAY000005,"{'method': 'Credit Card', 'status': 'PAID'}",2026-01-08 20:03:00,44289.0
ORD000006,2026-01-23 11:50:00,C0097,P037,2.0,27195.0,0.0,Mobile App,,,,Smart Home Model 37,Smart Home,25900.0,Y,ลูกค้า 097,customer097@example.com,Chiang Mai,2024-03-11,PAY000006,"{'method': 'Bank Transfer', 'status': 'PAID'}",2026-01-23 12:37:00,54390.0
ORD000007,2026-01-24 07:03:00,C0139,P001,1.0,284.05,0.0,Web,,,,Notebook Model 01,Notebook,299.0,Y,ลูกค้า 139,customer139@example.com,ระยอง,2024-07-19,PAY000007,"{'method': 'Bank Transfer', 'status': 'PAID'}",2026-01-24 09:09:00,284.05
ORD000008,2026-01-12 16:02:00,C0060,P013,-1.0,523.95,0.05,Mobile App,,,,Smart Home Model 13,Smart Home,499.0,Y,ลูกค้า 060,customer060@example.com,Phuket,2024-10-25,PAY000008,"{'method': 'Bank Transfer', 'status': 'PAID'}",2026-01-12 18:05:00,-497.7525
ORD000009,2026-01-16 04:12:00,C0162,P017,1.0,990.0,0.05,Web,,,,Smartphone Model 17,Smartphone,990.0,Y,,,,,PAY000009,"{'method': 'Bank Transfer', 'status': 'PAID'}",2026-01-16 05:42:00,940.5
ORD000010,2026-01-07 03:12:00,C0100,P017,2.0,990.0,0.1,Mobile App,,,,Smartphone Model 17,Smartphone,990.0,Y,ลูกค้า 100,customer100@example.com,กรุงเทพมหานคร,2025-04-14,PAY000010,"{'method': 'Bank Transfer', 'status': 'PAID'}",2026-01-07 04:36:00,1782.0
ORD000011,2026-01-12 14:34:00,C0120,P028,2.0,313.95,0.0,Web,,,,Smartphone Model 28,Smartphone,299.0,Y,ลูกค้า 120,customer120@example.com,ขอนแก่น,2025-09-17,PAY000011,"{'method': 'Credit Card', 'status': 'PAID'}",2026-01-12 16:27:00,627.9
ORD000012,2026-01-08 22:35:00,C0141,P008,2.0,449.1,0.05,Marketplace,,,,Accessory Model 08,Accessory,499.0,Y,ลูกค้า 141,customer141@example.com,Bangkok,2025-07-05,PAY000012,"{'method': 'Bank Transfer', 'status': 'PAID'}",2026-01-08 23:43:00,853.29
ORD000013,2026-01-27 22:41:00,C0110,P002,2.0,1341.0,0.0,Mobile App,,,,Smartphone Model 02,Smartphone,1490.0,Y,ลูกค้า 110,customer110@example.com,Chiang Mai,2025-11-25,PAY000013,"{'method': 'Bank Transfer', 'status': 'PAID'}",2026-01-28 01:23:00,2682.0
ORD000014,2026-01-20 07:11:00,C0142,P017,4.0,990.0,0.0,Marketplace,,,,Smartphone Model 17,Smartphone,990.0,Y,ลูกค้า 142,customer142@example.com,Chonburi,2025-10-22,PAY000014,"{'method': 'Credit Card', 'status': 'PAID'}",2026-01-20 09:42:00,3960.0
ORD000015,2026-01-04 13:47:00,C0151,P018,2.0,4189.5,0.0,Web,,,,Smartphone Model 18,Smartphone,3990.0,Y,ลูกค้า 151,customer151@example.com,Chonburi,2024-10-15,PAY000015,"{'method': 'Bank Transfer', 'status': 'PAID'}",2026-01-04 15:28:00,8379.0
ORD000016,2026-01-18 06:47:00,C0072,P006,1.0,313.95,0.0,Mobile App,,,,Accessory Model 06,Accessory,299.0,Y,ลูกค้า 072,customer072@example.com,เชียงใหม่,2024-04-28,PAY000016,"{'method': 'Bank Transfer', 'status': 'PAID'}",2026-01-18 07:49:00,313.95
ORD000017,2026-01-27 00:37:00,C0048,P019,2.0,3591.0,0.0,Mobile App,,,,Smartphone Model 19,Smartphone,3990.0,Y,ลูกค้า 048,customer048@example.com,กทม.,2024-09-09,PAY000017,"{'method': 'Bank Transfer', 'status': 'PAID'}",2026-01-27 03:19:00,7182.0
ORD000018,2026-01-05 02:59:00,C0037,P001,3.0,299.0,0.0,Marketplace,,,,Notebook Model 01,Notebook,299.0,Y,ลูกค้า 037,customer037@example.com,ภูเก็ต,2025-07-06,PAY000018,"{'method': 'Bank Transfer', 'status': 'PAID'}",2026-01-05 03:24:00,897.0
ORD000019,2026-01-14 22:23:00,C0159,P019,1.0,4189.5,0.1,Web,,,,Smartphone Model 19,Smartphone,3990.0,Y,ลูกค้า 159,customer159@example.com,Phuket,2025-08-26,PAY000019,"{'method': 'PromptPay', 'status': 'PAID'}",2026-01-15 00:15:00,3770.55
ORD000020,2026-01-08 21:53:00,C0115,P007,1.0,25900.0,0.0,Web,,,,Notebook Model 07,Notebook,25900.0,Y,ลูกค้า 115,customer115@example.com,Rayong,2024-02-01,PAY000020,"{'method': 'Credit Card', 'status': 'PAID'}",2026-01-08 22:34:00,25900.0
ORD000021,2026-01-18 02:04:00,C0007,P007,1.0,27195.0,0.05,Web,,,,Notebook Model 07,Notebook,25900.0,Y,ลูกค้า 007,customer007@example.com,Bangkok,2025-09-27,PAY000021,"{'method': 'Bank Transfer', 'status': 'PAID'}",2026-01-18 03:13:00,25835.25
ORD000022,2026-01-15 07:54:00,C0049,P999,2.0,499.0,0.0,Marketplace,,,,,,,,ลูกค้า 049,customer049@example.com,Rayong,2025-10-04,PAY000022,"{'method': 'Credit Card', 'status': 'PAID'}",2026-01-15 10:27:00,998.0
ORD000023,2026-01-10 02:59:00,C0071,P034,1.0,299.0,0.1,Web,,,,Accessory Model 34,Accessory,299.0,Y,ลูกค้า 071,customer071@example.com,ชลบุรี,2024-03-26,PAY000023,"{'method': 'Bank Transfer', 'status': 'FAILED'}",2026-01-10 03:29:00,269.1
ORD000024,2026-01-28 11:43:00,C0042,P033,1.0,13545.0,0.0,Marketplace,,,,Smart Home Model 33,Smart Home,12900.0,Y,ลูกค้า 042,customer042@example.com,Rayong,2024-11-21,PAY000024,"{'method': 'Bank Transfer', 'status': 'PAID'}",2026-01-28 13:44:00,13545.0
ORD000025,2026-01-07 13:04:00,C0079,P011,1.0,25900.0,0.0,Web,,,,Accessory Model 11,Accessory,25900.0,Y,ลูกค้า 079,customer079@example.com,ภูเก็ต,2024-08-28,PAY000025,"{'method': 'Credit Card', 'status': 'PAID'}",2026-01-07 15:39:00,25900.0
ORD000026,2026-01-04 19:15:00,C0107,P008,1.0,499.0,0.0,Mobile App,,,,Accessory Model 08,Accessory,499.0,Y,ลูกค้า 107,customer107@example.com,ระยอง,2024-09-27,PAY000026,"{'method': 'Credit Card', 'status': 'PAID'}",2026-01-04 20:27:00,499.0
ORD000027,2026-01-23 14:12:00,C0143,P019,2.0,3790.5,0.1,Web,,,,Smartphone Model 19,Smartphone,3990.0,Y,ลูกค้า 143,customer143@example.com,เชียงใหม่,2025-01-04,PAY000027,"{'method': 'Credit Card', 'status': 'PAID'}",2026-01-23 15:21:00,6822.900000000001
ORD000028,2026-01-08 05:59:00,C0139,P013,4.0,523.95,0.0,Mobile App,,,,Smart Home Model 13,Smart Home,499.0,Y,ลูกค้า 139,customer139@example.com,ระยอง,2024-07-19,PAY000028,"{'method': 'Credit Card', 'status': 'PAID'}",2026-01-08 08:06:00,2095.8
ORD000029,2026-01-09 18:23:00,C0161,P028,1.0,269.1,0.1,Marketplace,,,,Smartphone Model 28,Smartphone,299.0,Y,,,,,PAY000029,"{'method': 'Bank Transfer', 'status': 'PAID'}",2026-01-09 18:39:00,242.19000000000003
ORD000030,2026-01-10 12:26:00,C0003,P006,1.0,299.0,0.05,Mobile App,,,,Accessory Model 06,Accessory,299.0,Y,ลูกค้า 003,customer003@example.com,ขอนแก่น,2025-10-10,PAY000030,"{'method': 'PromptPay', 'status': 'PAID'}",2026-01-10 14:50:00,284.05
ORD000031,2026-01-16 18:33:00,C0087,P027,1.0,24605.0,0.0,Web,,,,Smartphone Model 27,Smartphone,25900.0,Y,ลูกค้า 087,,กรุงเทพมหานคร,2024-11-28,PAY000031,"{'method': 'PromptPay', 'status': 'PAID'}",2026-01-16 18:52:00,24605.0
ORD000032,2026-01-01 14:52:00,C0085,P035,1.0,25900.0,0.0,Mobile App,,,,Accessory Model 35,Accessory,25900.0,Y,ลูกค้า 085, customer085@example.com ,Bangkok,2024-11-20,PAY000032,"{'method': 'Bank Transfer', 'status': 'PAID'}",2026-01-01 17:21:00,25900.0
ORD000033,2026-01-13 17:23:00,C0164,P032,1.0,23310.0,0.05,Web,,,,Notebook Model 32,Notebook,25900.0,Y,,,,,PAY000033,"{'method': 'PromptPay', 'status': 'FAILED'}",2026-01-13 18:51:00,22144.5
ORD000034,2026-01-24 06:21:00,C0044,P005,1.0,313.95,0.0,Web,,,,Smartphone Model 05,Smartphone,299.0,Y,ลูกค้า 044,customer044@example.com,กรุงเทพมหานคร,2025-02-26,PAY000034,"{'method': 'PromptPay', 'status': 'PAID'}",2026-01-24 06:44:00,313.95
ORD000035,2026-01-16 21:39:00,C0045,P033,3.0,12900.0,0.0,Marketplace,,,,Smart Home Model 33,Smart Home,12900.0,Y,ลูกค้า 045,customer045@example.com,Chiang Mai,2025-05-04,PAY000035,"{'method': 'PromptPay', 'status': 'PAID'}",2026-01-17 00:12:00,38700.0
ORD000036,2026-01-21 10:30:00,C0043,P005,1.0,299.0,0.0,Mobile App,,,,Smartphone Model 05,Smartphone,299.0,Y,ลูกค้า 043,customer043@example.com,ระยอง,2024-12-29,PAY000036,"{'method': 'Credit Card', 'status': 'PAID'}",2026-01-21 13:28:00,299.0
ORD000037,2026-01-20 00:56:00,C0108,P017,4.0,990.0,0.0,Web,,,,Smartphone Model 17,Smartphone,990.0,Y,ลูกค้า 108,customer108@example.com,Chiang Mai,2025-02-16,PAY000037,"{'method': 'PromptPay', 'status': 'PAID'}",2026-01-20 03:11:00,3960.0
ORD000038,2026-01-18 01:57:00,C0008,P009,1.0,284.05,0.05,Mobile App,,,,Notebook Model 09,Notebook,299.0,Y,ลูกค้า 008,customer008@example.com,ขอนแก่น,2025-05-27,PAY000038,"{'method': 'PromptPay', 'status': 'PAID'}",2026-01-18 03:21:00,269.8475
ORD000039,2026-01-28 20:23:00,C0126,P004,2.0,1415.5,0.0,Marketplace,,,,Smart Home Model 04,Smart Home,1490.0,Y,ลูกค้า 126,customer126@example.com,เชียงใหม่,2025-03-31,PAY000039,"{'method': 'PromptPay', 'status': 'PAID'}",2026-01-28 20:25:00,2831.0
ORD000040,2026-01-15 23:19:00,C0086,P021,1.0,23310.0,0.0,Marketplace,,,,Smart Home Model 21,Smart Home,25900.0,Y,ลูกค้า 086,customer086@example.com,Bangkok,2025-04-12,PAY000040,"{'method': 'PromptPay', 'status': 'PAID'}",2026-01-16 00:12:00,23310.0
ORD000041,2026-01-11 12:38:00,C0008,P034,2.0,284.05,0.0,Web,,,,Accessory Model 34,Accessory,299.0,Y,ลูกค้า 008,customer008@example.com,ขอนแก่น,2025-05-27,PAY000041,"{'method': 'Credit Card', 'status': 'PAID'}",2026-01-11 14:36:00,568.1
ORD000042,2026-01-21 15:59:00,C0114,P032,1.0,25900.0,0.0,Marketplace,,,,Notebook Model 32,Notebook,25900.0,Y,ลูกค้า 114,customer114@example.com,Chiang Mai,2025-04-05,PAY000042,"{'method': 'Credit Card', 'status': 'PAID'}",2026-01-21 17:17:00,25900.0
ORD000043,2026-01-03 08:15:00,C0006,P018,1.0,3790.5,0.05,Web,,,,Smartphone Model 18,Smartphone,3990.0,Y,ลูกค้า 006,customer006@example.com,ระยอง,2024-07-13,PAY000043,"{'method': 'Bank Transfer', 'status': 'PAID'}",2026-01-03 09:31:00,3600.975
ORD000044,2026-01-24 20:02:00,C0126,P022,2.0,,0.05,Mobile App,,,,Accessory Model 22,Accessory,499.0,Y,ลูกค้า 126,customer126@example.com,เชียงใหม่,2025-03-31,PAY000044,"{'method': 'Credit Card', 'status': 'PAID'}",2026-01-24 22:43:00,
ORD000045,2026-01-16 19:17:00,C0068,P019,3.0,3990.0,0.0,Marketplace,,,,Smartphone Model 19,Smartphone,3990.0,Y,ลูกค้า 068, customer068@example.com ,ขอนเเก่น,2024-09-06,PAY000045,"{'method': 'Bank Transfer', 'status': 'PAID'}",2026-01-16 19:47:00,11970.0
ORD000046,2026-01-21 21:21:00,C0097,P026,2.0,12900.0,0.1,Mobile App,,,,Smart Home Model 26,Smart Home,12900.0,Y,ลูกค้า 097,customer097@example.com,Chiang Mai,2024-03-11,PAY000046,"{'method': 'Bank Transfer', 'status': 'PAID'}",2026-01-21 22:17:00,23220.0
ORD000047,2026-01-01 07:56:00,C0100,P038,4.0,11610.0,0.0,Web,,,,Smartphone Model 38,Smartphone,12900.0,N,ลูกค้า 100,customer100@example.com,กรุงเทพมหานคร,2025-04-14,PAY000047,"{'method': 'PromptPay', 'status': 'PAID'}",2026-01-01 09:44:00,46440.0
ORD000048,2026-01-13 07:59:00,C0040,P038,2.0,12900.0,0.0,Marketplace,,,,Smartphone Model 38,Smartphone,12900.0,N,ลูกค้า 040,customer040@example.com,กรุงเทพมหานคร,2025-05-29,PAY000048,"{'method': 'PromptPay', 'status': 'PAID'}",2026-01-13 09:30:00,25800.0
ORD000049,2026-01-18 00:12:00,C0059,P019,1.0,3990.0,0.05,Mobile App,,,,Smartphone Model 19,Smartphone,3990.0,Y,ลูกค้า 059,customer059@example.com,Rayong,2024-11-06,PAY000049,"{'method': 'PromptPay', 'status': 'PAID'}",2026-01-18 01:04:00,3790.5
ORD000050,2026-01-09 02:38:00,C0067,P006,1.0,313.95,0.0,Web,,,,Accessory Model 06,Accessory,299.0,Y,ลูกค้า 067,customer067@example.com,ชลบุรี,2024-08-13,PAY000050,"{'method': 'Bank Transfer', 'status': 'PAID'}",2026-01-09 04:32:00,313.95
ORD000051,2026-01-24 03:14:00,C0035,P039,4.0,990.0,0.0,Marketplace,,,,Notebook Model 39,Notebook,990.0,N,ลูกค้า 035,customer035@example.com,Chonburi,2025-09-16,PAY000051,"{'method': 'Credit Card', 'status': 'PAID'}",2026-01-24 04:27:00,3960.0
ORD000052,2026-01-18 11:03:00,C0079,P035,1.0,23310.0,0.0,Mobile App,,,,Accessory Model 35,Accessory,25900.0,Y,ลูกค้า 079,customer079@example.com,ภูเก็ต,2024-08-28,PAY000052,"{'method': 'Credit Card', 'status': 'PAID'}",2026-01-18 12:24:00,23310.0
ORD000053,2026-01-16 20:25:00,C0113,P019,4.0,3990.0,0.05,Marketplace,,,,Smartphone Model 19,Smartphone,3990.0,Y,ลูกค้า 113,customer113@example.com,Rayong,2025-05-24,PAY000053,"{'method': 'Credit Card', 'status': 'PAID'}",2026-01-16 22:54:00,15162.0
ORD000054,2026-01-01 18:10:00,C0046,P035,1.0,25900.0,0.1,Marketplace,,,,Accessory Model 35,Accessory,25900.0,Y,ลูกค้า 046,customer046@example.com,ชลบุรี,2024-05-21,PAY000054,"{'method': 'Bank Transfer', 'status': 'PAID'}",2026-01-01 19:13:00,23310.0
ORD000055,2026-01-07 14:06:00,C0132,P027,2.0,23310.0,0.0,Marketplace,,,,Smartphone Model 27,Smartphone,25900.0,Y,ลูกค้า 132,customer132@example.com,Chonburi,2025-02-04,PAY000055,"{'method': 'Credit Card', 'status': 'PAID'}",2026-01-07 16:03:00,46620.0
ORD000056,2026-01-07 05:17:00,C0083,P017,1.0,990.0,0.0,Web,,,,Smartphone Model 17,Smartphone,990.0,Y,ลูกค้า 083,customer083@example.com,ขอนแก่น,2024-06-13,PAY000056,"{'method': 'Bank Transfer', 'status': 'PAID'}",2026-01-07 07:02:00,990.0
ORD000057,2026-01-20 22:46:00,C0054,P039,2.0,990.0,0.0,Marketplace,,,,Notebook Model 39,Notebook,990.0,N,ลูกค้า 054,customer054@example.com,Bangkok,2025-01-14,PAY000057,"{'method': 'Bank Transfer', 'status': 'PAID'}",2026-01-20 23:31:00,1980.0
ORD000058,2026-01-16 05:55:00,C0096,P038,2.0,13545.0,0.05,Mobile App,,,,Smartphone Model 38,Smartphone,12900.0,N,ลูกค้า 096,customer096@example.com,กรุงเทพมหานคร,2025-12-01,PAY000058,"{'method': 'PromptPay', 'status': 'PAID'}",2026-01-16 07:21:00,25735.5
ORD000059,2026-01-22 06:56:00,C0038,P005,1.0,284.05,0.0,Mobile App,,,,Smartphone Model 05,Smartphone,299.0,Y,ลูกค้า 038,customer038@example.com,ชลบุรี,2024-05-25,PAY000059,"{'method': 'Bank Transfer', 'status': 'PAID'}",2026-01-22 07:08:00,284.05
ORD000060,2026-01-15 09:26:00,C0057,P005,1.0,299.0,0.1,Mobile App,,,,Smartphone Model 05,Smartphone,299.0,Y,ลูกค้า 057,customer057@example.com,Chiang Mai,2025-01-25,PAY000060,"{'method': 'Credit Card', 'status': 'PAID'}",2026-01-15 12:01:00,269.1
ORD000061,2026-01-08 12:44:00,C0102,P023,2.0,313.95,0.1,Mobile App,,,,Accessory Model 23,Accessory,299.0,Y,ลูกค้า 102, customer102@example.com ,ระยอง,2025-09-03,PAY000061,"{'method': 'Bank Transfer', 'status': 'PAID'}",2026-01-08 12:47:00,565.11
ORD000062,2026-01-09 13:10:00,C0036,P020,3.0,499.0,0.0,Marketplace,,,,Smart Home Model 20,Smart Home,499.0,Y,ลูกค้า 036,customer036@example.com,กทม.,2024-10-26,PAY000062,"{'method': 'PromptPay', 'status': 'PAID'}",2026-01-09 15:05:00,1497.0
ORD000063,2026-01-08 01:20:00,C0034,P025,3.0,27195.0,0.0,Marketplace,,,,Accessory Model 25,Accessory,25900.0,Y,ลูกค้า 034, customer034@example.com ,Phuket,2025-04-19,PAY000063,"{'method': 'Credit Card', 'status': 'PAID'}",2026-01-08 04:07:00,81585.0
ORD000064,2026-01-07 21:17:00,C0152,P014,1.0,1039.5,0.1,Web,,,,Notebook Model 14,Notebook,990.0,Y,ลูกค้า 152,customer152@example.com,Chonburi,2025-03-14,PAY000064,"{'method': 'Credit Card', 'status': 'PAID'}",2026-01-07 21:33:00,935.5500000000001
ORD000065,2026-01-20 12:44:00,C0160,P031,3.0,1490.0,0.0,Web,,,,Smart Home Model 31,Smart Home,1490.0,Y,ลูกค้า 160,customer160@example.com,Bangkok,2025-09-19,PAY000065,"{'method': 'Bank Transfer', 'status': 'PAID'}",2026-01-20 15:03:00,4470.0
ORD000066,2026-01-25 12:56:00,C0162,P039,2.0,990.0,0.0,Web,,,,Notebook Model 39,Notebook,990.0,N,,,,,PAY000066,"{'method': 'Bank Transfer', 'status': 'PAID'}",2026-01-25 13:07:00,1980.0
ORD000067,2026-01-11 23:34:00,C0125,P035,1.0,25900.0,0.0,Mobile App,,,,Accessory Model 35,Accessory,25900.0,Y,ลูกค้า 125,customer125@example.com,Chiang Mai,2025-07-08,PAY000067,"{'method': 'Credit Card', 'status': 'PAID'}",2026-01-12 02:25:00,25900.0
ORD000068,2026-01-15 21:59:00,C0052,P039,1.0,940.5,0.05,Mobile App,,,,Notebook Model 39,Notebook,990.0,N,ลูกค้า 052,customer052@example.com,ระยอง,2025-10-20,PAY000068,"{'method': 'PromptPay', 'status': 'PAID'}",2026-01-16 00:21:00,893.4749999999999
ORD000069,2026-01-09 12:18:00,C0081,P039,1.0,1039.5,0.0,Web,,,,Notebook Model 39,Notebook,990.0,N,ลูกค้า 081,customer081@example.com,ขอนแก่น,2025-02-21,PAY000069,"{'method': 'Credit Card', 'status': 'PAID'}",2026-01-09 14:32:00,1039.5
ORD000070,2026-01-28 09:39:00,C0069,P014,4.0,1039.5,0.0,Marketplace,,,,Notebook Model 14,Notebook,990.0,Y,ลูกค้า 069,customer069@example.com,กรุงเทพมหานคร,2024-01-15,PAY000070,"{'method': 'Bank Transfer', 'status': 'PAID'}",2026-01-28 12:02:00,4158.0
ORD000071,2026-01-01 22:56:00,C0021,P008,1.0,523.95,0.0,Web,,,,Accessory Model 08,Accessory,499.0,Y,ลูกค้า 021,customer021@example.com,เชียงใหม่,2024-02-06,PAY000071,"{'method': 'Credit Card', 'status': 'PAID'}",2026-01-02 00:10:00,523.95
ORD000072,2026-01-24 22:09:00,C0028,P032,4.0,23310.0,0.05,Mobile App,,,,Notebook Model 32,Notebook,25900.0,Y,ลูกค้า 028,customer028@example.com,ขอนเเก่น,2025-08-20,PAY000072,"{'method': 'Credit Card', 'status': 'PAID'}",2026-01-24 22:55:00,88578.0
ORD000073,2026-01-13 05:31:00,C0009,P022,1.0,474.05,0.0,Web,,,,Accessory Model 22,Accessory,499.0,Y,ลูกค้า 009,customer009@example.com,Phuket,2024-09-06,PAY000073,"{'method': 'Credit Card', 'status': 'PAID'}",2026-01-13 07:28:00,474.05
ORD000074,2026-01-17 10:33:00,C0110,P031,4.0,1490.0,0.0,Marketplace,,,,Smart Home Model 31,Smart Home,1490.0,Y,ลูกค้า 110,customer110@example.com,Chiang Mai,2025-11-25,PAY000074,"{'method': 'Credit Card', 'status': 'PAID'}",2026-01-17 11:45:00,5960.0
ORD000075,2026-01-22 08:13:00,C0039,P007,2.0,24605.0,0.05,Web,,,,Notebook Model 07,Notebook,25900.0,Y,ลูกค้า 039,customer039@example.com,กรุงเทพมหานคร,2025-07-17,PAY000075,"{'method': 'Credit Card', 'status': 'PAID'}",2026-01-22 08:15:00,46749.5
ORD000076,2026-01-08 10:52:00,C0163,P033,1.0,11610.0,0.1,Marketplace,,,,Smart Home Model 33,Smart Home,12900.0,Y,,,,,PAY000076,"{'method': 'Credit Card', 'status': 'PAID'}",2026-01-08 10:57:00,10449.0
ORD000077,2026-01-08 04:24:00,C0143,P026,2.0,12255.0,0.0,Web,,,,Smart Home Model 26,Smart Home,12900.0,Y,ลูกค้า 143,customer143@example.com,เชียงใหม่,2025-01-04,PAY000077,"{'method': 'PromptPay', 'status': 'PAID'}",2026-01-08 04:29:00,24510.0
ORD000078,2026-01-22 17:21:00,C0070,P017,1.0,1039.5,0.05,Marketplace,,,,Smartphone Model 17,Smartphone,990.0,Y,ลูกค้า 070,customer070@example.com,เชียงใหม่,2025-11-15,PAY000078,"{'method': 'Bank Transfer', 'status': 'PAID'}",2026-01-22 17:34:00,987.525
ORD000079,2026-01-05 10:50:00,C0005,P037,1.0,25900.0,0.1,Mobile App,,,,Smart Home Model 37,Smart Home,25900.0,Y,ลูกค้า 005,customer005@example.com,ระยอง,2025-06-27,PAY000079,"{'method': 'Bank Transfer', 'status': 'PAID'}",2026-01-05 13:47:00,23310.0
ORD000080,2026-01-28 17:30:00,C0008,P019,3.0,4189.5,0.05,Marketplace,,,,Smartphone Model 19,Smartphone,3990.0,Y,ลูกค้า 008,customer008@example.com,ขอนแก่น,2025-05-27,PAY000080,"{'method': 'Bank Transfer', 'status': 'PAID'}",2026-01-28 19:57:00,11940.074999999999
ORD000081,2026-01-11 02:57:00,C0061,P018,4.0,3591.0,0.0,Web,,,,Smartphone Model 18,Smartphone,3990.0,Y,ลูกค้า 061,customer061@example.com,ขอนเเก่น,2025-02-04,PAY000081,"{'method': 'Credit Card', 'status': 'PAID'}",2026-01-11 03:07:00,14364.0
ORD000082,2026-01-21 18:06:00,C0147,P020,2.0,474.05,0.1,Marketplace,,,,Smart Home Model 20,Smart Home,499.0,Y,ลูกค้า 147,customer147@example.com,Chonburi,2024-08-13,PAY000082,"{'method': 'PromptPay', 'status': 'PAID'}",2026-01-21 18:30:00,853.2900000000001
ORD000083,2026-01-17 01:19:00,C0070,P021,1.0,25900.0,0.0,Web,,,,Smart Home Model 21,Smart Home,25900.0,Y,ลูกค้า 070,customer070@example.com,เชียงใหม่,2025-11-15,PAY000083,"{'method': 'PromptPay', 'status': 'PAID'}",2026-01-17 01:51:00,25900.0
ORD000084,2026-01-27 07:52:00,C0132,P026,1.0,11610.0,0.0,Web,,,,Smart Home Model 26,Smart Home,12900.0,Y,ลูกค้า 132,customer132@example.com,Chonburi,2025-02-04,PAY000084,"{'method': 'PromptPay', 'status': 'PAID'}",2026-01-27 08:53:00,11610.0
ORD000085,2026-01-20 05:05:00,C0145,P003,2.0,24605.0,0.0,Mobile App,,,,Smartphone Model 03,Smartphone,25900.0,Y,ลูกค้า 145,,Phuket,2024-06-01,PAY000085,"{'method': 'Credit Card', 'status': 'PAID'}",2026-01-20 07:24:00,49210.0
ORD000086,2026-01-22 09:30:00,C0038,P015,4.0,269.1,0.0,Web,,,,Notebook Model 15,Notebook,299.0,Y,ลูกค้า 038,customer038@example.com,ชลบุรี,2024-05-25,PAY000086,"{'method': 'Bank Transfer', 'status': 'PAID'}",2026-01-22 12:16:00,1076.4
ORD000087,2026-01-25 05:31:00,C0068,P001,3.0,299.0,0.0,Web,,,,Notebook Model 01,Notebook,299.0,Y,ลูกค้า 068, customer068@example.com ,ขอนเเก่น,2024-09-06,PAY000087,"{'method': 'Credit Card', 'status': 'PAID'}",2026-01-25 08:13:00,897.0
ORD000088,2026-01-28 21:16:00,C0118,P024,2.0,284.05,0.1,Web,,,,Accessory Model 24,Accessory,299.0,Y,ลูกค้า 118,customer118@example.com,Rayong,2024-07-23,PAY000088,"{'method': 'PromptPay', 'status': 'PAID'}",2026-01-28 22:57:00,511.29
ORD000089,2026-01-26 04:55:00,C0070,P026,1.0,12900.0,0.0,Web,,,,Smart Home Model 26,Smart Home,12900.0,Y,ลูกค้า 070,customer070@example.com,เชียงใหม่,2025-11-15,PAY000089,"{'method': 'PromptPay', 'status': 'PAID'}",2026-01-26 07:40:00,12900.0
ORD000090,2026-01-19 00:37:00,C0083,P038,1.0,12900.0,0.0,Marketplace,,,,Smartphone Model 38,Smartphone,12900.0,N,ลูกค้า 083,customer083@example.com,ขอนแก่น,2024-06-13,PAY000090,"{'method': 'Bank Transfer', 'status': 'PAID'}",2026-01-19 01:32:00,12900.0
ORD000091,2026-01-18 10:20:00,C0156,P037,1.0,25900.0,0.05,Mobile App,,,,Smart Home Model 37,Smart Home,25900.0,Y,ลูกค้า 156,customer156@example.com,กรุงเทพมหานคร,2024-07-31,PAY000091,"{'method': 'PromptPay', 'status': 'PAID'}",2026-01-18 12:55:00,24605.0
ORD000092,2026-01-16 20:33:00,C0086,P006,1.0,313.95,0.0,Web,,,,Accessory Model 06,Accessory,299.0,Y,ลูกค้า 086,customer086@example.com,Bangkok,2025-04-12,PAY000092,"{'method': 'Credit Card', 'status': 'PAID'}",2026-01-16 21:27:00,313.95
ORD000093,2026-01-17 23:56:00,C0160,P013,2.0,523.95,0.05,Web,,,,Smart Home Model 13,Smart Home,499.0,Y,ลูกค้า 160,customer160@example.com,Bangkok,2025-09-19,PAY000093,"{'method': 'PromptPay', 'status': 'FAILED'}",2026-01-18 00:27:00,995.505
ORD000094,2026-01-05 03:21:00,C0014,P012,1.0,1039.5,0.1,Marketplace,,,,Accessory Model 12,Accessory,990.0,Y,ลูกค้า 014,customer014@example.com,ขอนเเก่น,2025-02-15,PAY000094,"{'method': 'Bank Transfer', 'status': 'PAID'}",2026-01-05 06:00:00,935.5500000000001
ORD000095,2026-01-01 19:36:00,C0062,P020,2.0,499.0,0.0,Web,,,,Smart Home Model 20,Smart Home,499.0,Y,ลูกค้า 062,customer062@example.com,ระยอง,2025-03-14,PAY000095,"{'method': 'Credit Card', 'status': 'PAID'}",2026-01-01 20:33:00,998.0
ORD000096,2026-01-26 20:50:00,C0090,P024,2.0,284.05,0.0,Mobile App,,,,Accessory Model 24,Accessory,299.0,Y,ลูกค้า 090,customer090@example.com,เชียงใหม่,2024-09-18,PAY000096,"{'method': 'Credit Card', 'status': 'PAID'}",2026-01-26 22:11:00,568.1
ORD000097,2026-01-16 01:11:00,C0008,P009,4.0,299.0,0.0,Marketplace,,,,Notebook Model 09,Notebook,299.0,Y,ลูกค้า 008,customer008@example.com,ขอนแก่น,2025-05-27,PAY000097,"{'method': 'PromptPay', 'status': 'PAID'}",2026-01-16 01:43:00,1196.0
ORD000098,2026-01-14 04:53:00,C0099,P016,2.0,1490.0,0.1,Marketplace,,,,Accessory Model 16,Accessory,1490.0,Y,ลูกค้า 099,customer099@example.com,ขอนเเก่น,2024-12-05,PAY000098,"{'method': 'Credit Card', 'status': 'PAID'}",2026-01-14 06:37:00,2682.0
ORD000099,2026-01-24 06:51:00,C0136,P039,3.0,1039.5,0.0,Mobile App,,,,Notebook Model 39,Notebook,990.0,N,ลูกค้า 136, customer136@example.com ,ระยอง,2024-06-23,PAY000099,"{'method': 'PromptPay', 'status': 'PAID'}",2026-01-24 08:38:00,3118.5
ORD000100,2026-01-05 13:19:00,C0014,P038,2.0,13545.0,0.0,Mobile App,,,,Smartphone Model 38,Smartphone,12900.0,N,ลูกค้า 014,customer014@example.com,ขอนเเก่น,2025-02-15,PAY000100,"{'method': 'Bank Transfer', 'status': 'PAID'}",2026-01-05 15:44:00,27090.0
ORD000101,2026-01-20 04:47:00,C0093,P034,1.0,284.05,0.0,Web,,,,Accessory Model 34,Accessory,299.0,Y,ลูกค้า 093,customer093@example.com,Phuket,2025-08-13,PAY000101,"{'method': 'Bank Transfer', 'status': 'FAILED'}",2026-01-20 05:56:00,284.05
ORD000101,2026-01-20 04:47:00,C0093,P034,1.0,284.05,0.0,Web,,,,Accessory Model 34,Accessory,299.0,Y,ลูกค้า 093,customer093@example.com,Phuket,2025-08-13,PAY000101,"{'method': 'Bank Transfer', 'status': 'FAILED'}",2026-01-20 05:56:00,284.05
ORD000102,2026-01-05 07:29:00,C0078,P002,4.0,1341.0,0.05,Mobile App,,,,Smartphone Model 02,Smartphone,1490.0,Y,ลูกค้า 078,customer078@example.com,Rayong,2025-01-27,PAY000102,"{'method': 'Bank Transfer', 'status': 'PAID'}",2026-01-05 09:52:00,5095.8
ORD000103,2026-01-11 07:18:00,C0079,P014,1.0,940.5,0.1,Web,,,,Notebook Model 14,Notebook,990.0,Y,ลูกค้า 079,customer079@example.com,ภูเก็ต,2024-08-28,PAY000103,"{'method': 'Credit Card', 'status': 'PAID'}",2026-01-11 08:32:00,846.45
ORD000104,2026-01-13 17:48:00,C0157,P036,2.0,299.0,0.1,Marketplace,,,,Notebook Model 36,Notebook,299.0,Y,ลูกค้า 157,customer157@example.com,ระยอง,2025-10-29,PAY000104,"{'method': 'Credit Card', 'status': 'PAID'}",2026-01-13 19:26:00,538.2
ORD000105,2026-01-07 02:25:00,C0099,P002,2.0,1341.0,0.1,Mobile App,,,,Smartphone Model 02,Smartphone,1490.0,Y,ลูกค้า 099,customer099@example.com,ขอนเเก่น,2024-12-05,PAY000105,"{'method': 'Credit Card', 'status': 'PAID'}",2026-01-07 03:54:00,2413.8
ORD000106,2026-01-07 13:52:00,C0157,P008,4.0,474.05,0.1,Marketplace,,,,Accessory Model 08,Accessory,499.0,Y,ลูกค้า 157,customer157@example.com,ระยอง,2025-10-29,PAY000106,"{'method': 'PromptPay', 'status': 'REFUNDED'}",2026-01-07 15:10:00,1706.5800000000002
ORD000107,2026-01-23 21:07:00,C0065,P023,2.0,299.0,0.0,Web,,,,Accessory Model 23,Accessory,299.0,Y,ลูกค้า 065,customer065@example.com,ขอนแก่น,2024-06-15,PAY000107,"{'method': 'Credit Card', 'status': 'PAID'}",2026-01-23 23:36:00,598.0
ORD000108,2026-01-17 22:05:00,C0138,P029,4.0,3990.0,0.0,Web,,,,Notebook Model 29,Notebook,3990.0,Y,ลูกค้า 138,customer138@example.com,กทม.,2025-06-20,PAY000108,"{'method': 'Credit Card', 'status': 'PAID'}",2026-01-17 23:54:00,15960.0
ORD000109,2026-01-19 03:38:00,C0140,P033,1.0,13545.0,0.0,Web,,,,Smart Home Model 33,Smart Home,12900.0,Y,ลูกค้า 140,customer140@example.com,ภูเก็ต,2025-05-08,PAY000109,"{'method': 'Credit Card', 'status': 'PAID'}",2026-01-19 06:35:00,13545.0
ORD000110,2026-01-27 22:29:00,C0066,P002,3.0,1341.0,0.0,Marketplace,,,,Smartphone Model 02,Smartphone,1490.0,Y,ลูกค้า 066,customer066@example.com,ระยอง,2025-11-17,PAY000110,"{'method': 'PromptPay', 'status': 'PAID'}",2026-01-28 00:24:00,4023.0
ORD000111,2026-01-04 17:27:00,C0146,P008,3.0,449.1,0.0,Mobile App,,,,Accessory Model 08,Accessory,499.0,Y,ลูกค้า 146,customer146@example.com,กทม.,2025-05-19,PAY000111,"{'method': 'Credit Card', 'status': 'PAID'}",2026-01-04 19:04:00,1347.3000000000002
ORD000112,2026-01-18 09:59:00,C0097,P034,2.0,313.95,0.05,Web,,,,Accessory Model 34,Accessory,299.0,Y,ลูกค้า 097,customer097@example.com,Chiang Mai,2024-03-11,PAY000112,"{'method': 'Bank Transfer', 'status': 'FAILED'}",2026-01-18 11:54:00,596.505
ORD000113,2026-01-03 06:56:00,C0024,P027,3.0,24605.0,0.0,Mobile App,,,,Smartphone Model 27,Smartphone,25900.0,Y,ลูกค้า 024,customer024@example.com,กรุงเทพมหานคร,2025-10-12,PAY000113,"{'method': 'Bank Transfer', 'status': 'PAID'}",2026-01-03 09:53:00,73815.0
ORD000114,2026-01-01 13:09:00,C0050,P014,3.0,1039.5,0.0,Web,,,,Notebook Model 14,Notebook,990.0,Y,ลูกค้า 050,customer050@example.com,Chiang Mai,2024-02-03,PAY000114,"{'method': 'PromptPay', 'status': 'PAID'}",2026-01-01 14:03:00,3118.5
ORD000115,2026-01-21 07:56:00,C0085,P009,4.0,313.95,0.0,Mobile App,,,,Notebook Model 09,Notebook,299.0,Y,ลูกค้า 085, customer085@example.com ,Bangkok,2024-11-20,PAY000115,"{'method': 'Bank Transfer', 'status': 'PAID'}",2026-01-21 10:17:00,1255.8
ORD000116,2026-01-24 08:29:00,C0073,P002,4.0,1341.0,0.0,Web,,,,Smartphone Model 02,Smartphone,1490.0,Y,ลูกค้า 073,customer073@example.com,ขอนเเก่น,2024-04-27,PAY000116,"{'method': 'Bank Transfer', 'status': 'PAID'}",2026-01-24 10:09:00,5364.0
ORD000117,2026-01-09 09:51:00,C0012,P016,1.0,1415.5,0.0,Marketplace,,,,Accessory Model 16,Accessory,1490.0,Y,ลูกค้า 012,customer012@example.com,ขอนเเก่น,2025-11-17,PAY000117,"{'method': 'Bank Transfer', 'status': 'PAID'}",2026-01-09 10:26:00,1415.5
ORD000118,2026-01-21 07:02:00,C0075,P025,1.0,23310.0,0.05,Web,,,,Accessory Model 25,Accessory,25900.0,Y,ลูกค้า 075,customer075@example.com,Rayong,2025-10-27,PAY000118,"{'method': 'Bank Transfer', 'status': 'PAID'}",2026-01-21 08:33:00,22144.5
ORD000119,2026-01-25 09:48:00,C0007,P022,1.0,449.1,0.0,Web,,,,Accessory Model 22,Accessory,499.0,Y,ลูกค้า 007,customer007@example.com,Bangkok,2025-09-27,PAY000119,"{'method': 'Bank Transfer', 'status': 'PAID'}",2026-01-25 10:43:00,449.1
ORD000120,2026-01-15 14:33:00,C0092,P020,4.0,499.0,0.0,Web,,,,Smart Home Model 20,Smart Home,499.0,Y,ลูกค้า 092,customer092@example.com,กทม.,2024-09-26,PAY000120,"{'method': 'PromptPay', 'status': 'PAID'}",2026-01-15 16:33:00,1996.0
ORD000121,2026-01-05 17:34:00,C0052,P006,1.0,313.95,0.0,Web,,,,Accessory Model 06,Accessory,299.0,Y,ลูกค้า 052,customer052@example.com,ระยอง,2025-10-20,PAY000121,"{'method': 'Credit Card', 'status': 'REFUNDED'}",2026-01-05 19:17:00,313.95
ORD000122,2026-01-08 11:24:00,C0051,P010,3.0,891.0,0.1,Mobile App,,,,Smart Home Model 10,Smart Home,990.0,Y,ลูกค้า 051, customer051@example.com ,Chiang Mai,2025-03-18,PAY000122,"{'method': 'PromptPay', 'status': 'PAID'}",2026-01-08 11:27:00,2405.7000000000003
ORD000123,2026-01-08 18:25:00,C0035,P024,1.0,313.95,0.0,Mobile App,,,,Accessory Model 24,Accessory,299.0,Y,ลูกค้า 035,customer035@example.com,Chonburi,2025-09-16,PAY000123,"{'method': 'Bank Transfer', 'status': 'PAID'}",2026-01-08 19:08:00,313.95
ORD000124,2026-01-15 01:56:00,C0012,P007,1.0,27195.0,0.05,Web,,,,Notebook Model 07,Notebook,25900.0,Y,ลูกค้า 012,customer012@example.com,ขอนเเก่น,2025-11-17,PAY000124,"{'method': 'PromptPay', 'status': 'PAID'}",2026-01-15 04:09:00,25835.25
ORD000125,2026-01-24 01:22:00,C0155,P003,1.0,25900.0,0.0,Web,,,,Smartphone Model 03,Smartphone,25900.0,Y,ลูกค้า 155,customer155@example.com,Chiang Mai,2025-01-16,PAY000125,"{'method': 'PromptPay', 'status': 'PAID'}",2026-01-24 02:51:00,25900.0
ORD000126,2026-01-03 20:15:00,C0056,P022,1.0,523.95,0.05,Marketplace,,,,Accessory Model 22,Accessory,499.0,Y,ลูกค้า 056,customer056@example.com,Chiang Mai,2024-02-21,PAY000126,"{'method': 'Credit Card', 'status': 'PAID'}",2026-01-03 20:33:00,497.7525
ORD000127,2026-01-27 13:30:00,C0060,P040,3.0,3790.5,0.05,Mobile App,,,,Accessory Model 40,Accessory,3990.0,N,ลูกค้า 060,customer060@example.com,Phuket,2024-10-25,PAY000127,"{'method': 'Bank Transfer', 'status': 'PAID'}",2026-01-27 15:29:00,10802.925
ORD000128,2026-01-13 09:03:00,C0138,P012,3.0,940.5,0.0,Mobile App,,,,Accessory Model 12,Accessory,990.0,Y,ลูกค้า 138,customer138@example.com,กทม.,2025-06-20,PAY000128,"{'method': 'Credit Card', 'status': 'PAID'}",2026-01-13 09:29:00,2821.5
ORD000129,2026-01-24 16:44:00,C0098,P031,1.0,1490.0,0.0,Mobile App,,,,Smart Home Model 31,Smart Home,1490.0,Y,ลูกค้า 098,customer098@example.com,เชียงใหม่,2025-05-17,PAY000129,"{'method': 'PromptPay', 'status': 'PAID'}",2026-01-24 17:25:00,1490.0
ORD000130,2026-01-07 01:39:00,C0067,P006,2.0,299.0,0.05,Web,,,,Accessory Model 06,Accessory,299.0,Y,ลูกค้า 067,customer067@example.com,ชลบุรี,2024-08-13,PAY000130,"{'method': 'Credit Card', 'status': 'FAILED'}",2026-01-07 03:56:00,568.1
ORD000131,2026-01-03 03:34:00,C0101,P010,2.0,891.0,0.05,Marketplace,,,,Smart Home Model 10,Smart Home,990.0,Y,ลูกค้า 101,customer101@example.com,ภูเก็ต,2024-06-20,PAY000131,"{'method': 'Bank Transfer', 'status': 'PAID'}",2026-01-03 05:17:00,1692.8999999999999
ORD000132,2026-01-28 02:40:00,C0146,P022,1.0,523.95,0.1,Marketplace,,,,Accessory Model 22,Accessory,499.0,Y,ลูกค้า 146,customer146@example.com,กทม.,2025-05-19,PAY000132,"{'method': 'Credit Card', 'status': 'PAID'}",2026-01-28 03:12:00,471.55500000000006
ORD000133,2026-01-11 15:42:00,C0078,P008,3.0,449.1,0.0,Marketplace,,,,Accessory Model 08,Accessory,499.0,Y,ลูกค้า 078,customer078@example.com,Rayong,2025-01-27,PAY000133,"{'method': 'Credit Card', 'status': 'PAID'}",2026-01-11 17:27:00,1347.3000000000002
ORD000134,2026-01-08 15:18:00,C0007,P018,2.0,3591.0,0.05,Marketplace,,,,Smartphone Model 18,Smartphone,3990.0,Y,ลูกค้า 007,customer007@example.com,Bangkok,2025-09-27,PAY000134,"{'method': 'Bank Transfer', 'status': 'PAID'}",2026-01-08 16:18:00,6822.9
ORD000135,2026-01-15 04:33:00,C0076,P027,2.0,25900.0,0.05,Mobile App,,,,Smartphone Model 27,Smartphone,25900.0,Y,ลูกค้า 076,customer076@example.com,Rayong,2025-04-04,PAY000135,"{'method': 'Credit Card', 'status': 'PAID'}",2026-01-15 05:23:00,49210.0
ORD000136,2026-01-18 05:28:00,C0052,P003,2.0,25900.0,0.0,Mobile App,,,,Smartphone Model 03,Smartphone,25900.0,Y,ลูกค้า 052,customer052@example.com,ระยอง,2025-10-20,PAY000136,"{'method': 'PromptPay', 'status': 'PAID'}",2026-01-18 05:57:00,51800.0
ORD000137,2026-01-07 00:33:00,C0003,P039,2.0,990.0,0.05,Marketplace,,,,Notebook Model 39,Notebook,990.0,N,ลูกค้า 003,customer003@example.com,ขอนแก่น,2025-10-10,PAY000137,"{'method': 'PromptPay', 'status': 'PAID'}",2026-01-07 00:39:00,1881.0
ORD000138,2026-01-08 13:50:00,C0145,P030,1.0,474.05,0.1,Mobile App,,,,Smartphone Model 30,Smartphone,499.0,Y,ลูกค้า 145,,Phuket,2024-06-01,PAY000138,"{'method': 'Credit Card', 'status': 'PAID'}",2026-01-08 13:54:00,426.64500000000004
ORD000139,2026-01-05 03:18:00,C0075,P016,1.0,1490.0,0.0,Web,,,,Accessory Model 16,Accessory,1490.0,Y,ลูกค้า 075,customer075@example.com,Rayong,2025-10-27,PAY000139,"{'method': 'Credit Card', 'status': 'PAID'}",2026-01-05 05:45:00,1490.0
ORD000140,2026-01-04 00:24:00,C0132,P023,1.0,269.1,0.05,Marketplace,,,,Accessory Model 23,Accessory,299.0,Y,ลูกค้า 132,customer132@example.com,Chonburi,2025-02-04,PAY000140,"{'method': 'Credit Card', 'status': 'PAID'}",2026-01-04 00:39:00,255.645
ORD000141,2026-01-14 11:29:00,C0069,P011,2.0,23310.0,0.0,Web,,,,Accessory Model 11,Accessory,25900.0,Y,ลูกค้า 069,customer069@example.com,กรุงเทพมหานคร,2024-01-15,PAY000141,"{'method': 'Credit Card', 'status': 'PAID'}",2026-01-14 11:56:00,46620.0
ORD000142,2026-01-08 05:30:00,C0127,P010,2.0,891.0,0.0,Web,,,,Smart Home Model 10,Smart Home,990.0,Y,ลูกค้า 127,customer127@example.com,ภูเก็ต,2025-05-16,PAY000142,"{'method': 'Bank Transfer', 'status': 'FAILED'}",2026-01-08 06:50:00,1782.0
ORD000143,2026-01-18 23:04:00,C0133,P007,1.0,25900.0,0.05,Web,,,,Notebook Model 07,Notebook,25900.0,Y,ลูกค้า 133,customer133@example.com,ภูเก็ต,2024-09-19,PAY000143,"{'method': 'Credit Card', 'status': 'PAID'}",2026-01-19 00:29:00,24605.0
ORD000144,2026-01-24 18:59:00,C0165,P036,2.0,284.05,0.0,Web,,,,Notebook Model 36,Notebook,299.0,Y,,,,,PAY000144,"{'method': 'Credit Card', 'status': 'PAID'}",2026-01-24 19:13:00,568.1
ORD000145,2026-01-11 18:33:00,C0142,P009,1.0,313.95,0.1,Web,,,,Notebook Model 09,Notebook,299.0,Y,ลูกค้า 142,customer142@example.com,Chonburi,2025-10-22,PAY000145,"{'method': 'Credit Card', 'status': 'PAID'}",2026-01-11 19:39:00,282.555
ORD000146,2026-01-13 00:04:00,C0096,P023,1.0,299.0,0.0,Marketplace,,,,Accessory Model 23,Accessory,299.0,Y,ลูกค้า 096,customer096@example.com,กรุงเทพมหานคร,2025-12-01,PAY000146,"{'method': 'Bank Transfer', 'status': 'PAID'}",2026-01-13 00:08:00,299.0
ORD000147,2026-01-24 10:34:00,C0114,P001,1.0,299.0,0.0,Marketplace,,,,Notebook Model 01,Notebook,299.0,Y,ลูกค้า 114,customer114@example.com,Chiang Mai,2025-04-05,PAY000147,"{'method': 'Bank Transfer', 'status': 'PAID'}",2026-01-24 12:27:00,299.0
ORD000148,2026-01-16 20:05:00,C0121,P040,1.0,3591.0,0.05,Mobile App,,,,Accessory Model 40,Accessory,3990.0,N,ลูกค้า 121,customer121@example.com,กรุงเทพมหานคร,2025-08-26,PAY000148,"{'method': 'Credit Card', 'status': 'FAILED'}",2026-01-16 22:33:00,3411.45
ORD000149,2026-01-04 10:57:00,C0033,P028,1.0,299.0,0.05,Mobile App,,,,Smartphone Model 28,Smartphone,299.0,Y,ลูกค้า 033,customer033@example.com,ระยอง,2024-11-11,PAY000149,"{'method': 'Bank Transfer', 'status': 'PAID'}",2026-01-04 12:47:00,284.05
ORD000150,2026-01-11 10:12:00,C0067,P033,2.0,12900.0,0.0,Mobile App,,,,Smart Home Model 33,Smart Home,12900.0,Y,ลูกค้า 067,customer067@example.com,ชลบุรี,2024-08-13,PAY000150,"{'method': 'Bank Transfer', 'status': 'PAID'}",2026-01-11 12:02:00,25800.0
ORD000151,2026-01-06 02:33:00,C0004,P036,1.0,269.1,0.0,Mobile App,,,,Notebook Model 36,Notebook,299.0,Y,ลูกค้า 004,customer004@example.com,กรุงเทพมหานคร,2024-07-11,PAY000151,"{'method': 'Credit Card', 'status': 'PAID'}",2026-01-06 05:16:00,269.1
ORD000152,2026-01-20 15:01:00,C0026,P040,2.0,3990.0,0.0,Marketplace,,,,Accessory Model 40,Accessory,3990.0,N,ลูกค้า 026,customer026@example.com,เชียงใหม่,2024-12-24,PAY000152,"{'method': 'Bank Transfer', 'status': 'PAID'}",2026-01-20 15:53:00,7980.0
ORD000153,2026-01-08 04:09:00,C0120,P011,1.0,25900.0,0.0,Mobile App,,,,Accessory Model 11,Accessory,25900.0,Y,ลูกค้า 120,customer120@example.com,ขอนแก่น,2025-09-17,PAY000153,"{'method': 'Credit Card', 'status': 'PAID'}",2026-01-08 04:54:00,25900.0
ORD000154,2026-01-04 03:08:00,C0047,P009,4.0,299.0,0.0,Marketplace,,,,Notebook Model 09,Notebook,299.0,Y,ลูกค้า 047,customer047@example.com,Rayong,2025-10-16,PAY000154,"{'method': 'PromptPay', 'status': 'PAID'}",2026-01-04 05:58:00,1196.0
ORD000155,2026-01-19 06:03:00,C0130,P014,4.0,990.0,0.0,Web,,,,Notebook Model 14,Notebook,990.0,Y,ลูกค้า 130,customer130@example.com,ภูเก็ต,2025-09-18,PAY000155,"{'method': 'PromptPay', 'status': 'PAID'}",2026-01-19 07:13:00,3960.0
ORD000156,2026-01-07 14:35:00,C0014,P001,2.0,269.1,0.0,Marketplace,,,,Notebook Model 01,Notebook,299.0,Y,ลูกค้า 014,customer014@example.com,ขอนเเก่น,2025-02-15,PAY000156,"{'method': 'PromptPay', 'status': 'PAID'}",2026-01-07 15:45:00,538.2
ORD000157,2026-01-13 09:28:00,C0054,P024,1.0,299.0,0.0,Marketplace,,,,Accessory Model 24,Accessory,299.0,Y,ลูกค้า 054,customer054@example.com,Bangkok,2025-01-14,PAY000157,"{'method': 'Credit Card', 'status': 'PAID'}",2026-01-13 11:34:00,299.0
ORD000158,2026-01-14 21:41:00,C0073,P027,1.0,23310.0,0.05,Web,,,,Smartphone Model 27,Smartphone,25900.0,Y,ลูกค้า 073,customer073@example.com,ขอนเเก่น,2024-04-27,PAY000158,"{'method': 'Bank Transfer', 'status': 'PAID'}",2026-01-14 22:07:00,22144.5
ORD000159,2026-01-08 21:42:00,C0141,P006,1.0,284.05,0.05,Mobile App,,,,Accessory Model 06,Accessory,299.0,Y,ลูกค้า 141,customer141@example.com,Bangkok,2025-07-05,PAY000159,"{'method': 'Credit Card', 'status': 'PAID'}",2026-01-08 23:30:00,269.8475
ORD000160,2026-01-15 17:15:00,C0059,P014,2.0,990.0,0.0,Mobile App,,,,Notebook Model 14,Notebook,990.0,Y,ลูกค้า 059,customer059@example.com,Rayong,2024-11-06,PAY000160,"{'method': 'Credit Card', 'status': 'PAID'}",2026-01-15 19:09:00,1980.0
ORD000161,2026-01-11 15:47:00,C0092,P012,1.0,891.0,0.05,Mobile App,,,,Accessory Model 12,Accessory,990.0,Y,ลูกค้า 092,customer092@example.com,กทม.,2024-09-26,PAY000161,"{'method': 'Bank Transfer', 'status': 'PAID'}",2026-01-11 18:21:00,846.4499999999999
ORD000162,2026-01-24 04:41:00,C0130,P002,2.0,1415.5,0.05,Mobile App,,,,Smartphone Model 02,Smartphone,1490.0,Y,ลูกค้า 130,customer130@example.com,ภูเก็ต,2025-09-18,PAY000162,"{'method': 'Credit Card', 'status': 'PAID'}",2026-01-24 07:23:00,2689.45
ORD000163,2026-01-24 22:34:00,C0093,P037,1.0,24605.0,0.1,Marketplace,,,,Smart Home Model 37,Smart Home,25900.0,Y,ลูกค้า 093,customer093@example.com,Phuket,2025-08-13,PAY000163,"{'method': 'PromptPay', 'status': 'PAID'}",2026-01-24 23:22:00,22144.5
ORD000164,2026-01-06 04:10:00,C0112,P033,3.0,11610.0,0.0,Marketplace,,,,Smart Home Model 33,Smart Home,12900.0,Y,ลูกค้า 112,customer112@example.com,กรุงเทพมหานคร,2025-11-24,PAY000164,"{'method': 'Credit Card', 'status': 'PAID'}",2026-01-06 04:53:00,34830.0
ORD000165,2026-01-26 09:37:00,C0002,P024,1.0,299.0,0.0,Marketplace,,,,Accessory Model 24,Accessory,299.0,Y,ลูกค้า 002,customer002@example.com,Chonburi,2025-01-04,PAY000165,"{'method': 'PromptPay', 'status': 'PAID'}",2026-01-26 11:39:00,299.0
ORD000166,2026-01-05 14:37:00,C0001,P027,3.0,27195.0,0.0,Web,,,,Smartphone Model 27,Smartphone,25900.0,Y,ลูกค้า 001,customer001@example.com,ชลบุรี,2024-07-29,PAY000166,"{'method': 'Bank Transfer', 'status': 'PAID'}",2026-01-05 16:33:00,81585.0
ORD000167,2026-01-04 15:26:00,C0151,P006,1.0,284.05,0.1,Web,,,,Accessory Model 06,Accessory,299.0,Y,ลูกค้า 151,customer151@example.com,Chonburi,2024-10-15,PAY000167,"{'method': 'Credit Card', 'status': 'FAILED'}",2026-01-04 16:32:00,255.645
ORD000168,2026-01-10 11:34:00,C0004,P019,3.0,3990.0,0.0,Marketplace,,,,Smartphone Model 19,Smartphone,3990.0,Y,ลูกค้า 004,customer004@example.com,กรุงเทพมหานคร,2024-07-11,PAY000168,"{'method': 'Credit Card', 'status': 'PAID'}",2026-01-10 12:59:00,11970.0
ORD000169,2026-01-23 15:45:00,C0073,P018,1.0,3591.0,0.1,Marketplace,,,,Smartphone Model 18,Smartphone,3990.0,Y,ลูกค้า 073,customer073@example.com,ขอนเเก่น,2024-04-27,PAY000169,"{'method': 'Bank Transfer', 'status': 'PAID'}",2026-01-23 15:58:00,3231.9
ORD000170,2026-01-18 21:15:00,C0004,P020,1.0,499.0,0.0,Marketplace,,,,Smart Home Model 20,Smart Home,499.0,Y,ลูกค้า 004,customer004@example.com,กรุงเทพมหานคร,2024-07-11,PAY000170,"{'method': 'Bank Transfer', 'status': 'PAID'}",2026-01-18 22:05:00,499.0
ORD000171,2026-01-26 20:58:00,C0160,P010,2.0,891.0,0.0,Web,,,,Smart Home Model 10,Smart Home,990.0,Y,ลูกค้า 160,customer160@example.com,Bangkok,2025-09-19,PAY000171,"{'method': 'Credit Card', 'status': 'PAID'}",2026-01-26 21:59:00,1782.0
ORD000172,2026-01-20 16:52:00,C0028,P034,1.0,299.0,0.1,Mobile App,,,,Accessory Model 34,Accessory,299.0,Y,ลูกค้า 028,customer028@example.com,ขอนเเก่น,2025-08-20,PAY000172,"{'method': 'PromptPay', 'status': 'PAID'}",2026-01-20 17:39:00,269.1
ORD000173,2026-01-03 06:14:00,C0137,P007,3.0,27195.0,0.0,Marketplace,,,,Notebook Model 07,Notebook,25900.0,Y,ลูกค้า 137,customer137@example.com,Phuket,2025-01-23,PAY000173,"{'method': 'Credit Card', 'status': 'PAID'}",2026-01-03 08:17:00,81585.0
ORD000174,2026-01-28 23:11:00,C0075,P018,4.0,3990.0,0.05,Marketplace,,,,Smartphone Model 18,Smartphone,3990.0,Y,ลูกค้า 075,customer075@example.com,Rayong,2025-10-27,PAY000174,"{'method': 'Credit Card', 'status': 'PAID'}",2026-01-28 23:29:00,15162.0
ORD000175,2026-01-26 17:56:00,C0088,P004,3.0,1564.5,0.0,Marketplace,,,,Smart Home Model 04,Smart Home,1490.0,Y,ลูกค้า 088,customer088@example.com,ภูเก็ต,2024-03-14,PAY000175,"{'method': 'Credit Card', 'status': 'PAID'}",2026-01-26 18:58:00,4693.5
ORD000176,2026-01-21 02:49:00,C0120,P025,2.0,27195.0,0.0,Mobile App,,,,Accessory Model 25,Accessory,25900.0,Y,ลูกค้า 120,customer120@example.com,ขอนแก่น,2025-09-17,PAY000176,"{'method': 'Credit Card', 'status': 'PAID'}",2026-01-21 05:33:00,54390.0
ORD000177,2026-01-04 02:29:00,C0015,P027,2.0,23310.0,0.05,Mobile App,,,,Smartphone Model 27,Smartphone,25900.0,Y,ลูกค้า 015,customer015@example.com,ภูเก็ต,2025-09-02,PAY000177,"{'method': 'Credit Card', 'status': 'PAID'}",2026-01-04 05:23:00,44289.0
ORD000178,2026-01-26 22:57:00,C0127,P028,4.0,299.0,0.0,Mobile App,,,,Smartphone Model 28,Smartphone,299.0,Y,ลูกค้า 127,customer127@example.com,ภูเก็ต,2025-05-16,PAY000178,"{'method': 'Bank Transfer', 'status': 'PAID'}",2026-01-27 01:41:00,1196.0
ORD000179,2026-01-22 06:53:00,C0147,P012,4.0,940.5,0.05,Marketplace,,,,Accessory Model 12,Accessory,990.0,Y,ลูกค้า 147,customer147@example.com,Chonburi,2024-08-13,PAY000179,"{'method': 'Credit Card', 'status': 'FAILED'}",2026-01-22 08:18:00,3573.8999999999996
ORD000180,2026-01-06 14:27:00,C0026,P021,1.0,23310.0,0.0,Marketplace,,,,Smart Home Model 21,Smart Home,25900.0,Y,ลูกค้า 026,customer026@example.com,เชียงใหม่,2024-12-24,PAY000180,"{'method': 'Bank Transfer', 'status': 'PAID'}",2026-01-06 16:40:00,23310.0
ORD000181,2026-01-17 22:36:00,C0078,P007,1.0,25900.0,0.0,Mobile App,,,,Notebook Model 07,Notebook,25900.0,Y,ลูกค้า 078,customer078@example.com,Rayong,2025-01-27,PAY000181,"{'method': 'PromptPay', 'status': 'PAID'}",2026-01-17 23:43:00,25900.0
ORD000182,2026-01-19 01:42:00,C0135,P025,1.0,23310.0,0.0,Mobile App,,,,Accessory Model 25,Accessory,25900.0,Y,ลูกค้า 135,customer135@example.com,กรุงเทพมหานคร,2024-08-01,PAY000182,"{'method': 'Credit Card', 'status': 'PAID'}",2026-01-19 02:14:00,23310.0
ORD000183,2026-01-11 14:35:00,C0044,P038,3.0,11610.0,0.0,Web,,,,Smartphone Model 38,Smartphone,12900.0,N,ลูกค้า 044,customer044@example.com,กรุงเทพมหานคร,2025-02-26,PAY000183,"{'method': 'PromptPay', 'status': 'PAID'}",2026-01-11 14:59:00,34830.0
ORD000184,2026-01-17 11:36:00,C0154,P019,4.0,3790.5,0.0,Web,,,,Smartphone Model 19,Smartphone,3990.0,Y,ลูกค้า 154,customer154@example.com,เชียงใหม่,2024-04-12,PAY000184,"{'method': 'PromptPay', 'status': 'PAID'}",2026-01-17 12:30:00,15162.0
ORD000185,2026-01-08 11:35:00,C0140,P028,4.0,269.1,0.1,Mobile App,,,,Smartphone Model 28,Smartphone,299.0,Y,ลูกค้า 140,customer140@example.com,ภูเก็ต,2025-05-08,PAY000185,"{'method': 'Credit Card', 'status': 'PAID'}",2026-01-08 11:57:00,968.7600000000001
ORD000186,2026-01-11 06:19:00,C0077,P003,1.0,27195.0,0.0,Marketplace,,,,Smartphone Model 03,Smartphone,25900.0,Y,ลูกค้า 077,customer077@example.com,Chiang Mai,2024-10-22,PAY000186,"{'method': 'Bank Transfer', 'status': 'FAILED'}",2026-01-11 06:27:00,27195.0
ORD000187,2026-01-22 17:38:00,C0092,P039,2.0,990.0,0.0,Marketplace,,,,Notebook Model 39,Notebook,990.0,N,ลูกค้า 092,customer092@example.com,กทม.,2024-09-26,PAY000187,"{'method': 'Credit Card', 'status': 'PAID'}",2026-01-22 19:22:00,1980.0
ORD000188,2026-01-22 03:20:00,C0047,P031,4.0,1490.0,0.05,Marketplace,,,,Smart Home Model 31,Smart Home,1490.0,Y,ลูกค้า 047,customer047@example.com,Rayong,2025-10-16,PAY000188,"{'method': 'Credit Card', 'status': 'PAID'}",2026-01-22 06:04:00,5662.0
ORD000189,2026-01-09 07:30:00,C0165,P008,2.0,523.95,0.1,Marketplace,,,,Accessory Model 08,Accessory,499.0,Y,,,,,PAY000189,"{'method': 'PromptPay', 'status': 'PAID'}",2026-01-09 07:43:00,943.1100000000001
ORD000190,2026-01-28 04:14:00,C0129,P025,4.0,27195.0,0.0,Marketplace,,,,Accessory Model 25,Accessory,25900.0,Y,ลูกค้า 129,customer129@example.com,กทม.,2025-06-03,PAY000190,"{'method': 'PromptPay', 'status': 'PAID'}",2026-01-28 04:22:00,108780.0
ORD000191,2026-01-17 08:52:00,C0011,P023,1.0,299.0,0.0,Mobile App,,,,Accessory Model 23,Accessory,299.0,Y,ลูกค้า 011,customer011@example.com,Chonburi,2024-06-14,PAY000191,"{'method': 'PromptPay', 'status': 'PAID'}",2026-01-17 11:42:00,299.0
ORD000192,2026-01-13 01:30:00,C0101,P039,1.0,1039.5,0.0,Web,,,,Notebook Model 39,Notebook,990.0,N,ลูกค้า 101,customer101@example.com,ภูเก็ต,2024-06-20,PAY000192,"{'method': 'Bank Transfer', 'status': 'PAID'}",2026-01-13 02:16:00,1039.5
ORD000193,2026-01-18 00:15:00,C0052,P005,2.0,299.0,0.1,Mobile App,,,,Smartphone Model 05,Smartphone,299.0,Y,ลูกค้า 052,customer052@example.com,ระยอง,2025-10-20,PAY000193,"{'method': 'Credit Card', 'status': 'PAID'}",2026-01-18 00:18:00,538.2
ORD000194,2026-01-22 00:46:00,C0113,P001,1.0,299.0,0.1,Marketplace,,,,Notebook Model 01,Notebook,299.0,Y,ลูกค้า 113,customer113@example.com,Rayong,2025-05-24,PAY000194,"{'method': 'Bank Transfer', 'status': 'PAID'}",2026-01-22 02:31:00,269.1
ORD000195,2026-01-11 22:27:00,C0094,P014,2.0,990.0,0.0,Mobile App,,,,Notebook Model 14,Notebook,990.0,Y,ลูกค้า 094,customer094@example.com,ขอนแก่น,2025-04-07,PAY000195,"{'method': 'Bank Transfer', 'status': 'PAID'}",2026-01-11 23:40:00,1980.0
ORD000196,2026-01-20 08:53:00,C0132,P007,1.0,25900.0,0.1,Web,,,,Notebook Model 07,Notebook,25900.0,Y,ลูกค้า 132,customer132@example.com,Chonburi,2025-02-04,PAY000196,"{'method': 'PromptPay', 'status': 'PAID'}",2026-01-20 10:07:00,23310.0
ORD000197,2026-01-06 22:25:00,C0099,P002,1.0,1415.5,0.05,Web,,,,Smartphone Model 02,Smartphone,1490.0,Y,ลูกค้า 099,customer099@example.com,ขอนเเก่น,2024-12-05,PAY000197,"{'method': 'Credit Card', 'status': 'PAID'}",2026-01-07 01:07:00,1344.725
ORD000198,2026-01-22 16:13:00,C0040,P012,4.0,990.0,0.1,Marketplace,,,,Accessory Model 12,Accessory,990.0,Y,ลูกค้า 040,customer040@example.com,กรุงเทพมหานคร,2025-05-29,PAY000198,"{'method': 'Bank Transfer', 'status': 'PAID'}",2026-01-22 17:18:00,3564.0
ORD000199,2026-01-21 10:46:00,C0161,P010,2.0,891.0,0.0,Mobile App,,,,Smart Home Model 10,Smart Home,990.0,Y,,,,,PAY000199,"{'method': 'PromptPay', 'status': 'PAID'}",2026-01-21 12:28:00,1782.0
ORD000200,2026-01-01 14:06:00,C0097,P004,2.0,1341.0,0.0,Mobile App,,,,Smart Home Model 04,Smart Home,1490.0,Y,ลูกค้า 097,customer097@example.com,Chiang Mai,2024-03-11,PAY000200,"{'method': 'PromptPay', 'status': 'PAID'}",2026-01-01 16:49:00,2682.0
ORD000201,2026-01-22 12:04:00,C0059,P022,4.0,449.1,0.0,Marketplace,,,,Accessory Model 22,Accessory,499.0,Y,ลูกค้า 059,customer059@example.com,Rayong,2024-11-06,PAY000201,"{'method': 'PromptPay', 'status': 'PAID'}",2026-01-22 14:32:00,1796.4
ORD000202,2026-01-04 08:21:00,C0019,P027,2.0,23310.0,0.05,Web,,,,Smartphone Model 27,Smartphone,25900.0,Y,ลูกค้า 019,customer019@example.com,Rayong,2025-01-23,PAY000202,"{'method': 'PromptPay', 'status': 'PAID'}",2026-01-04 10:23:00,44289.0
ORD000203,2026-01-12 15:24:00,C0083,P025,1.0,25900.0,0.0,Mobile App,,,,Accessory Model 25,Accessory,25900.0,Y,ลูกค้า 083,customer083@example.com,ขอนแก่น,2024-06-13,PAY000203,"{'method': 'Credit Card', 'status': 'PAID'}",2026-01-12 17:06:00,25900.0
ORD000204,2026-01-06 00:39:00,C0131,P036,2.0,313.95,0.0,Mobile App,,,,Notebook Model 36,Notebook,299.0,Y,ลูกค้า 131,customer131@example.com,ระยอง,2024-09-08,PAY000204,"{'method': 'Credit Card', 'status': 'PAID'}",2026-01-06 03:10:00,627.9
ORD000205,2026-01-17 13:52:00,C0160,P030,4.0,499.0,0.05,Web,,,,Smartphone Model 30,Smartphone,499.0,Y,ลูกค้า 160,customer160@example.com,Bangkok,2025-09-19,PAY000205,"{'method': 'Credit Card', 'status': 'FAILED'}",2026-01-17 15:25:00,1896.1999999999998
ORD000206,2026-01-06 21:44:00,C0008,P023,4.0,269.1,0.0,Web,,,,Accessory Model 23,Accessory,299.0,Y,ลูกค้า 008,customer008@example.com,ขอนแก่น,2025-05-27,PAY000206,"{'method': 'PromptPay', 'status': 'PAID'}",2026-01-06 23:55:00,1076.4
ORD000207,2026-01-11 04:13:00,C0052,P001,1.0,313.95,0.0,Marketplace,,,,Notebook Model 01,Notebook,299.0,Y,ลูกค้า 052,customer052@example.com,ระยอง,2025-10-20,PAY000207,"{'method': 'PromptPay', 'status': 'PAID'}",2026-01-11 05:29:00,313.95
ORD000208,2026-01-25 17:56:00,C0024,P037,4.0,23310.0,0.1,Web,,,,Smart Home Model 37,Smart Home,25900.0,Y,ลูกค้า 024,customer024@example.com,กรุงเทพมหานคร,2025-10-12,PAY000208,"{'method': 'PromptPay', 'status': 'PAID'}",2026-01-25 18:11:00,83916.0
ORD000209,2026-01-14 02:39:00,C0067,P006,1.0,284.05,0.0,Marketplace,,,,Accessory Model 06,Accessory,299.0,Y,ลูกค้า 067,customer067@example.com,ชลบุรี,2024-08-13,PAY000209,"{'method': 'PromptPay', 'status': 'PAID'}",2026-01-14 05:29:00,284.05
ORD000210,2026-01-26 09:51:00,C0013,P009,1.0,299.0,0.0,Mobile App,,,,Notebook Model 09,Notebook,299.0,Y,ลูกค้า 013,customer013@example.com,Chiang Mai,2024-04-18,PAY000210,"{'method': 'Credit Card', 'status': 'PAID'}",2026-01-26 11:17:00,299.0
ORD000211,2026-01-24 08:11:00,C0066,P022,2.0,499.0,0.05,Web,,,,Accessory Model 22,Accessory,499.0,Y,ลูกค้า 066,customer066@example.com,ระยอง,2025-11-17,PAY000211,"{'method': 'Credit Card', 'status': 'PAID'}",2026-01-24 08:30:00,948.0999999999999
ORD000212,2026-01-10 23:01:00,C0071,P001,2.0,284.05,0.1,Marketplace,,,,Notebook Model 01,Notebook,299.0,Y,ลูกค้า 071,customer071@example.com,ชลบุรี,2024-03-26,PAY000212,"{'method': 'Credit Card', 'status': 'PAID'}",2026-01-11 01:18:00,511.29
ORD000213,2026-01-17 11:40:00,C0025,P021,1.0,25900.0,0.0,Marketplace,,,,Smart Home Model 21,Smart Home,25900.0,Y,ลูกค้า 025,customer025@example.com,ชลบุรี,2024-11-26,PAY000213,"{'method': 'PromptPay', 'status': 'PAID'}",2026-01-17 13:48:00,25900.0
ORD000214,2026-01-09 14:42:00,C0014,P019,2.0,3990.0,0.0,Web,,,,Smartphone Model 19,Smartphone,3990.0,Y,ลูกค้า 014,customer014@example.com,ขอนเเก่น,2025-02-15,PAY000214,"{'method': 'Credit Card', 'status': 'PAID'}",2026-01-09 15:24:00,7980.0
ORD000215,2026-01-21 10:20:00,C0040,P036,2.0,299.0,0.05,Web,,,,Notebook Model 36,Notebook,299.0,Y,ลูกค้า 040,customer040@example.com,กรุงเทพมหานคร,2025-05-29,PAY000215,"{'method': 'PromptPay', 'status': 'PAID'}",2026-01-21 11:14:00,568.1
ORD000216,2026-01-28 05:31:00,C0024,P033,1.0,12255.0,0.0,Marketplace,,,,Smart Home Model 33,Smart Home,12900.0,Y,ลูกค้า 024,customer024@example.com,กรุงเทพมหานคร,2025-10-12,PAY000216,"{'method': 'Credit Card', 'status': 'PAID'}",2026-01-28 07:48:00,12255.0
ORD000217,2026-01-16 22:43:00,C0081,P028,1.0,284.05,0.05,Mobile App,,,,Smartphone Model 28,Smartphone,299.0,Y,ลูกค้า 081,customer081@example.com,ขอนแก่น,2025-02-21,PAY000217,"{'method': 'PromptPay', 'status': 'REFUNDED'}",2026-01-17 00:44:00,269.8475
ORD000218,2026-01-01 18:45:00,C0072,P020,3.0,474.05,0.1,Mobile App,,,,Smart Home Model 20,Smart Home,499.0,Y,ลูกค้า 072,customer072@example.com,เชียงใหม่,2024-04-28,PAY000218,"{'method': 'Bank Transfer', 'status': 'PAID'}",2026-01-01 20:07:00,1279.9350000000002
ORD000219,2026-01-10 09:38:00,C0081,P021,1.0,27195.0,0.0,Web,,,,Smart Home Model 21,Smart Home,25900.0,Y,ลูกค้า 081,customer081@example.com,ขอนแก่น,2025-02-21,PAY000219,"{'method': 'Bank Transfer', 'status': 'PAID'}",2026-01-10 12:03:00,27195.0
ORD000220,2026-01-12 20:20:00,C0135,P037,1.0,24605.0,0.0,Marketplace,,,,Smart Home Model 37,Smart Home,25900.0,Y,ลูกค้า 135,customer135@example.com,กรุงเทพมหานคร,2024-08-01,PAY000220,"{'method': 'Credit Card', 'status': 'PAID'}",2026-01-12 22:17:00,24605.0
ORD000221,2026-01-25 21:10:00,C0157,P008,4.0,523.95,0.05,Marketplace,,,,Accessory Model 08,Accessory,499.0,Y,ลูกค้า 157,customer157@example.com,ระยอง,2025-10-29,PAY000221,"{'method': 'Credit Card', 'status': 'PAID'}",2026-01-25 21:26:00,1991.01
ORD000222,2026-01-23 20:37:00,C0109,P027,1.0,24605.0,0.1,Mobile App,,,,Smartphone Model 27,Smartphone,25900.0,Y,ลูกค้า 109,customer109@example.com,กทม.,2025-01-07,PAY000222,"{'method': 'Credit Card', 'status': 'PAID'}",2026-01-23 22:07:00,22144.5
ORD000223,2026-01-17 01:11:00,C0051,P014,2.0,940.5,0.0,Marketplace,,,,Notebook Model 14,Notebook,990.0,Y,ลูกค้า 051, customer051@example.com ,Chiang Mai,2025-03-18,PAY000223,"{'method': 'PromptPay', 'status': 'PAID'}",2026-01-17 01:44:00,1881.0
ORD000224,2026-01-14 21:18:00,C0012,P031,1.0,1490.0,0.0,Web,,,,Smart Home Model 31,Smart Home,1490.0,Y,ลูกค้า 012,customer012@example.com,ขอนเเก่น,2025-11-17,PAY000224,"{'method': 'PromptPay', 'status': 'PAID'}",2026-01-14 22:01:00,1490.0
ORD000225,2026-01-16 05:19:00,C0135,P025,1.0,23310.0,0.05,Mobile App,,,,Accessory Model 25,Accessory,25900.0,Y,ลูกค้า 135,customer135@example.com,กรุงเทพมหานคร,2024-08-01,PAY000225,"{'method': 'PromptPay', 'status': 'PAID'}",2026-01-16 06:29:00,22144.5
ORD000226,2026-01-08 17:35:00,C0064,P003,3.0,23310.0,0.0,Mobile App,,,,Smartphone Model 03,Smartphone,25900.0,Y,ลูกค้า 064,customer064@example.com,ขอนแก่น,2025-09-12,PAY000226,"{'method': 'Credit Card', 'status': 'PAID'}",2026-01-08 18:59:00,69930.0
ORD000227,2026-01-02 17:13:00,C0007,P016,1.0,1490.0,0.0,Marketplace,,,,Accessory Model 16,Accessory,1490.0,Y,ลูกค้า 007,customer007@example.com,Bangkok,2025-09-27,PAY000227,"{'method': 'Bank Transfer', 'status': 'PAID'}",2026-01-02 19:15:00,1490.0
ORD000228,2026-01-17 20:14:00,C0053,P028,3.0,299.0,0.0,Web,,,,Smartphone Model 28,Smartphone,299.0,Y,ลูกค้า 053,customer053@example.com,ระยอง,2024-12-06,PAY000228,"{'method': 'Credit Card', 'status': 'PAID'}",2026-01-17 21:37:00,897.0
ORD000229,2026-01-08 13:18:00,C0008,P017,2.0,940.5,0.0,Mobile App,,,,Smartphone Model 17,Smartphone,990.0,Y,ลูกค้า 008,customer008@example.com,ขอนแก่น,2025-05-27,PAY000229,"{'method': 'Bank Transfer', 'status': 'PAID'}",2026-01-08 14:50:00,1881.0
ORD000230,2026-01-19 20:00:00,C0160,P015,4.0,299.0,0.1,Web,,,,Notebook Model 15,Notebook,299.0,Y,ลูกค้า 160,customer160@example.com,Bangkok,2025-09-19,PAY000230,"{'method': 'PromptPay', 'status': 'PAID'}",2026-01-19 20:18:00,1076.4
ORD000231,2026-01-11 10:24:00,C0033,P038,1.0,12900.0,0.0,Web,,,,Smartphone Model 38,Smartphone,12900.0,N,ลูกค้า 033,customer033@example.com,ระยอง,2024-11-11,PAY000231,"{'method': 'Credit Card', 'status': 'PAID'}",2026-01-11 10:38:00,12900.0
ORD000232,2026-01-08 03:01:00,C0004,P008,1.0,499.0,0.05,Marketplace,,,,Accessory Model 08,Accessory,499.0,Y,ลูกค้า 004,customer004@example.com,กรุงเทพมหานคร,2024-07-11,PAY000232,"{'method': 'PromptPay', 'status': 'PAID'}",2026-01-08 03:06:00,474.04999999999995
ORD000233,2026-01-18 08:14:00,C0085,P007,2.0,25900.0,0.0,Marketplace,,,,Notebook Model 07,Notebook,25900.0,Y,ลูกค้า 085, customer085@example.com ,Bangkok,2024-11-20,PAY000233,"{'method': 'PromptPay', 'status': 'PAID'}",2026-01-18 09:31:00,51800.0
ORD000234,2026-01-06 03:24:00,C0025,P026,2.0,12900.0,0.0,Marketplace,,,,Smart Home Model 26,Smart Home,12900.0,Y,ลูกค้า 025,customer025@example.com,ชลบุรี,2024-11-26,PAY000234,"{'method': 'Bank Transfer', 'status': 'PAID'}",2026-01-06 04:58:00,25800.0
ORD000235,2026-01-12 09:30:00,C0087,P030,3.0,499.0,0.0,Marketplace,,,,Smartphone Model 30,Smartphone,499.0,Y,ลูกค้า 087,,กรุงเทพมหานคร,2024-11-28,PAY000235,"{'method': 'PromptPay', 'status': 'PAID'}",2026-01-12 11:42:00,1497.0
ORD000236,2026-01-19 05:22:00,C0068,P027,1.0,23310.0,0.05,Marketplace,,,,Smartphone Model 27,Smartphone,25900.0,Y,ลูกค้า 068, customer068@example.com ,ขอนเเก่น,2024-09-06,PAY000236,"{'method': 'Bank Transfer', 'status': 'PAID'}",2026-01-19 05:28:00,22144.5
ORD000237,2026-01-17 04:02:00,C0020,P030,3.0,523.95,0.1,Web,,,,Smartphone Model 30,Smartphone,499.0,Y,ลูกค้า 020,customer020@example.com,ขอนแก่น,2025-10-31,PAY000237,"{'method': 'Bank Transfer', 'status': 'PAID'}",2026-01-17 04:13:00,1414.6650000000002
ORD000238,2026-01-10 23:15:00,C0140,P034,2.0,313.95,0.0,Marketplace,,,,Accessory Model 34,Accessory,299.0,Y,ลูกค้า 140,customer140@example.com,ภูเก็ต,2025-05-08,PAY000238,"{'method': 'Bank Transfer', 'status': 'PAID'}",2026-01-11 02:11:00,627.9
ORD000239,2026-01-27 08:24:00,C0044,P004,2.0,1490.0,0.0,Marketplace,,,,Smart Home Model 04,Smart Home,1490.0,Y,ลูกค้า 044,customer044@example.com,กรุงเทพมหานคร,2025-02-26,PAY000239,"{'method': 'Credit Card', 'status': 'PAID'}",2026-01-27 08:51:00,2980.0
ORD000240,2026-01-01 04:54:00,C0091,P018,1.0,3990.0,0.0,Mobile App,,,,Smartphone Model 18,Smartphone,3990.0,Y,ลูกค้า 091,customer091@example.com,ชลบุรี,2025-04-16,PAY000240,"{'method': 'PromptPay', 'status': 'PAID'}",2026-01-01 06:09:00,3990.0
ORD000241,2026-01-24 06:52:00,C0003,P026,3.0,12255.0,0.0,Web,,,,Smart Home Model 26,Smart Home,12900.0,Y,ลูกค้า 003,customer003@example.com,ขอนแก่น,2025-10-10,PAY000241,"{'method': 'Credit Card', 'status': 'PAID'}",2026-01-24 09:08:00,36765.0
ORD000242,2026-01-08 00:54:00,C0106,P016,2.0,1490.0,0.0,Web,,,,Accessory Model 16,Accessory,1490.0,Y,ลูกค้า 106,customer106@example.com,Phuket,2024-02-13,PAY000242,"{'method': 'Credit Card', 'status': 'PAID'}",2026-01-08 03:54:00,2980.0
ORD000243,2026-01-19 16:38:00,C0129,P013,3.0,499.0,0.1,Mobile App,,,,Smart Home Model 13,Smart Home,499.0,Y,ลูกค้า 129,customer129@example.com,กทม.,2025-06-03,PAY000243,"{'method': 'Bank Transfer', 'status': 'PAID'}",2026-01-19 17:52:00,1347.3
ORD000244,2026-01-16 14:15:00,C0153,P029,2.0,3990.0,0.05,Web,,,,Notebook Model 29,Notebook,3990.0,Y,ลูกค้า 153, customer153@example.com ,ขอนเเก่น,2024-03-20,PAY000244,"{'method': 'PromptPay', 'status': 'PAID'}",2026-01-16 16:05:00,7581.0
ORD000245,2026-01-11 05:18:00,C0058,P031,1.0,1415.5,0.1,Web,,,,Smart Home Model 31,Smart Home,1490.0,Y,ลูกค้า 058,,ระยอง,2025-07-15,PAY000245,"{'method': 'Credit Card', 'status': 'PAID'}",2026-01-11 06:59:00,1273.95
ORD000246,2026-01-12 03:50:00,C0107,P028,1.0,269.1,0.05,Mobile App,,,,Smartphone Model 28,Smartphone,299.0,Y,ลูกค้า 107,customer107@example.com,ระยอง,2024-09-27,PAY000246,"{'method': 'Bank Transfer', 'status': 'PAID'}",2026-01-12 06:31:00,255.645
ORD000247,2026-01-20 00:13:00,C0025,P029,2.0,4189.5,0.05,Web,,,,Notebook Model 29,Notebook,3990.0,Y,ลูกค้า 025,customer025@example.com,ชลบุรี,2024-11-26,PAY000247,"{'method': 'PromptPay', 'status': 'PAID'}",2026-01-20 01:03:00,7960.049999999999
ORD000248,2026-01-14 08:37:00,C0144,P009,1.0,284.05,0.0,Mobile App,,,,Notebook Model 09,Notebook,299.0,Y,ลูกค้า 144,customer144@example.com,ภูเก็ต,2025-04-02,PAY000248,"{'method': 'PromptPay', 'status': 'PAID'}",2026-01-14 08:56:00,284.05
ORD000249,2026-01-04 01:05:00,C0121,P008,3.0,499.0,0.0,Web,,,,Accessory Model 08,Accessory,499.0,Y,ลูกค้า 121,customer121@example.com,กรุงเทพมหานคร,2025-08-26,PAY000249,"{'method': 'Credit Card', 'status': 'PAID'}",2026-01-04 03:32:00,1497.0
ORD000250,2026-01-20 22:06:00,C0160,P039,3.0,891.0,0.05,Web,,,,Notebook Model 39,Notebook,990.0,N,ลูกค้า 160,customer160@example.com,Bangkok,2025-09-19,PAY000250,"{'method': 'Credit Card', 'status': 'PAID'}",2026-01-20 23:00:00,2539.35
ORD000251,2026-01-10 23:16:00,C0014,P010,3.0,891.0,0.1,Web,,,,Smart Home Model 10,Smart Home,990.0,Y,ลูกค้า 014,customer014@example.com,ขอนเเก่น,2025-02-15,PAY000251,"{'method': 'Bank Transfer', 'status': 'PAID'}",2026-01-11 00:28:00,2405.7000000000003
ORD000252,2026-01-12 07:49:00,C0068,P020,1.0,449.1,0.1,Web,,,,Smart Home Model 20,Smart Home,499.0,Y,ลูกค้า 068, customer068@example.com ,ขอนเเก่น,2024-09-06,PAY000252,"{'method': 'Credit Card', 'status': 'PAID'}",2026-01-12 08:17:00,404.19000000000005
ORD000253,2026-01-05 12:14:00,C0139,P029,4.0,3990.0,0.1,Marketplace,,,,Notebook Model 29,Notebook,3990.0,Y,ลูกค้า 139,customer139@example.com,ระยอง,2024-07-19,PAY000253,"{'method': 'Bank Transfer', 'status': 'PAID'}",2026-01-05 14:03:00,14364.0
ORD000254,2026-01-02 14:40:00,C0030,P012,2.0,990.0,0.0,Mobile App,,,,Accessory Model 12,Accessory,990.0,Y,ลูกค้า 030,customer030@example.com,ชลบุรี,2024-07-04,PAY000254,"{'method': 'Bank Transfer', 'status': 'PAID'}",2026-01-02 16:51:00,1980.0
ORD000255,2026-01-26 05:45:00,C0090,P010,2.0,940.5,0.0,Mobile App,,,,Smart Home Model 10,Smart Home,990.0,Y,ลูกค้า 090,customer090@example.com,เชียงใหม่,2024-09-18,PAY000255,"{'method': 'PromptPay', 'status': 'PAID'}",2026-01-26 08:04:00,1881.0
ORD000256,2026-01-07 08:04:00,C0056,P024,4.0,299.0,0.0,Mobile App,,,,Accessory Model 24,Accessory,299.0,Y,ลูกค้า 056,customer056@example.com,Chiang Mai,2024-02-21,PAY000256,"{'method': 'PromptPay', 'status': 'FAILED'}",2026-01-07 09:10:00,1196.0
ORD000257,2026-01-15 04:48:00,C0016,P014,1.0,990.0,0.05,Mobile App,,,,Notebook Model 14,Notebook,990.0,Y,ลูกค้า 016,customer016@example.com,Chonburi,2024-08-21,PAY000257,"{'method': 'Credit Card', 'status': 'PAID'}",2026-01-15 05:54:00,940.5
ORD000258,2026-01-02 00:35:00,C0050,P002,4.0,1490.0,0.0,Web,,,,Smartphone Model 02,Smartphone,1490.0,Y,ลูกค้า 050,customer050@example.com,Chiang Mai,2024-02-03,PAY000258,"{'method': 'PromptPay', 'status': 'PAID'}",2026-01-02 02:44:00,5960.0
ORD000259,2026-01-18 01:24:00,C0102,P039,3.0,1039.5,0.1,Marketplace,,,,Notebook Model 39,Notebook,990.0,N,ลูกค้า 102, customer102@example.com ,ระยอง,2025-09-03,PAY000259,"{'method': 'PromptPay', 'status': 'PAID'}",2026-01-18 02:01:00,2806.65
ORD000260,2026-01-06 12:56:00,C0151,P029,4.0,4189.5,0.1,Marketplace,,,,Notebook Model 29,Notebook,3990.0,Y,ลูกค้า 151,customer151@example.com,Chonburi,2024-10-15,PAY000260,"{'method': 'Bank Transfer', 'status': 'PAID'}",2026-01-06 14:03:00,15082.2
ORD000261,2026-01-19 00:17:00,C0037,P032,1.0,25900.0,0.0,Web,,,,Notebook Model 32,Notebook,25900.0,Y,ลูกค้า 037,customer037@example.com,ภูเก็ต,2025-07-06,PAY000261,"{'method': 'Credit Card', 'status': 'PAID'}",2026-01-19 03:05:00,25900.0
ORD000262,2026-01-24 01:10:00,C0049,P013,2.0,499.0,0.0,Marketplace,,,,Smart Home Model 13,Smart Home,499.0,Y,ลูกค้า 049,customer049@example.com,Rayong,2025-10-04,PAY000262,"{'method': 'PromptPay', 'status': 'FAILED'}",2026-01-24 01:14:00,998.0
ORD000263,2026-01-21 09:23:00,C0019,P019,2.0,3990.0,0.1,Mobile App,,,,Smartphone Model 19,Smartphone,3990.0,Y,ลูกค้า 019,customer019@example.com,Rayong,2025-01-23,PAY000263,"{'method': 'Bank Transfer', 'status': 'PAID'}",2026-01-21 12:13:00,7182.0
ORD000264,2026-01-15 23:38:00,C0110,P018,2.0,3990.0,0.1,Mobile App,,,,Smartphone Model 18,Smartphone,3990.0,Y,ลูกค้า 110,customer110@example.com,Chiang Mai,2025-11-25,PAY000264,"{'method': 'Bank Transfer', 'status': 'PAID'}",2026-01-16 01:52:00,7182.0
ORD000265,2026-01-25 21:34:00,C0116,P031,2.0,1490.0,0.05,Web,,,,Smart Home Model 31,Smart Home,1490.0,Y,ลูกค้า 116,,Rayong,2025-02-05,PAY000265,"{'method': 'PromptPay', 'status': 'PAID'}",2026-01-25 22:52:00,2831.0
ORD000266,2026-01-23 00:34:00,C0010,P037,2.0,24605.0,0.1,Mobile App,,,,Smart Home Model 37,Smart Home,25900.0,Y,ลูกค้า 010,customer010@example.com,ชลบุรี,2024-02-04,PAY000266,"{'method': 'Credit Card', 'status': 'REFUNDED'}",2026-01-23 02:58:00,44289.0
ORD000267,2026-01-04 08:54:00,C0164,P023,4.0,284.05,0.0,Marketplace,,,,Accessory Model 23,Accessory,299.0,Y,,,,,PAY000267,"{'method': 'Bank Transfer', 'status': 'PAID'}",2026-01-04 10:20:00,1136.2
ORD000268,2026-01-13 08:12:00,C0045,P018,3.0,3591.0,0.0,Mobile App,,,,Smartphone Model 18,Smartphone,3990.0,Y,ลูกค้า 045,customer045@example.com,Chiang Mai,2025-05-04,PAY000268,"{'method': 'Credit Card', 'status': 'PAID'}",2026-01-13 08:58:00,10773.0
ORD000269,2026-01-16 02:11:00,C0115,P012,4.0,1039.5,0.0,Marketplace,,,,Accessory Model 12,Accessory,990.0,Y,ลูกค้า 115,customer115@example.com,Rayong,2024-02-01,PAY000269,"{'method': 'Bank Transfer', 'status': 'PAID'}",2026-01-16 03:31:00,4158.0
ORD000270,2026-01-12 19:00:00,C0087,P030,3.0,449.1,0.05,Web,,,,Smartphone Model 30,Smartphone,499.0,Y,ลูกค้า 087,,กรุงเทพมหานคร,2024-11-28,PAY000270,"{'method': 'Bank Transfer', 'status': 'PAID'}",2026-01-12 19:18:00,1279.9350000000002
ORD000271,2026-01-07 11:25:00,C0091,P035,2.0,23310.0,0.0,Web,,,,Accessory Model 35,Accessory,25900.0,Y,ลูกค้า 091,customer091@example.com,ชลบุรี,2025-04-16,PAY000271,"{'method': 'Credit Card', 'status': 'PAID'}",2026-01-07 14:14:00,46620.0
ORD000272,2026-01-19 03:26:00,C0159,P038,1.0,13545.0,0.0,Mobile App,,,,Smartphone Model 38,Smartphone,12900.0,N,ลูกค้า 159,customer159@example.com,Phuket,2025-08-26,PAY000272,"{'method': 'Credit Card', 'status': 'PAID'}",2026-01-19 04:25:00,13545.0
ORD000273,2026-01-12 05:23:00,C0008,P005,1.0,269.1,0.0,Mobile App,,,,Smartphone Model 05,Smartphone,299.0,Y,ลูกค้า 008,customer008@example.com,ขอนแก่น,2025-05-27,PAY000273,"{'method': 'Credit Card', 'status': 'PAID'}",2026-01-12 06:20:00,269.1
ORD000274,2026-01-10 19:46:00,C0157,P028,2.0,299.0,0.0,Web,,,,Smartphone Model 28,Smartphone,299.0,Y,ลูกค้า 157,customer157@example.com,ระยอง,2025-10-29,PAY000274,"{'method': 'PromptPay', 'status': 'PAID'}",2026-01-10 22:12:00,598.0
ORD000275,2026-01-28 07:37:00,C0031,P032,1.0,23310.0,0.0,Mobile App,,,,Notebook Model 32,Notebook,25900.0,Y,ลูกค้า 031,customer031@example.com,Bangkok,2025-07-21,PAY000275,"{'method': 'Bank Transfer', 'status': 'PAID'}",2026-01-28 08:56:00,23310.0
ORD000276,2026-01-17 00:45:00,C0163,P013,1.0,523.95,0.1,Marketplace,,,,Smart Home Model 13,Smart Home,499.0,Y,,,,,PAY000276,"{'method': 'Bank Transfer', 'status': 'PAID'}",2026-01-17 02:25:00,471.55500000000006
ORD000277,2026-01-08 09:08:00,C0007,P009,3.0,299.0,0.0,Marketplace,,,,Notebook Model 09,Notebook,299.0,Y,ลูกค้า 007,customer007@example.com,Bangkok,2025-09-27,PAY000277,"{'method': 'Bank Transfer', 'status': 'PAID'}",2026-01-08 11:22:00,897.0
ORD000278,2026-01-09 23:49:00,C0002,P015,2.0,313.95,0.0,Marketplace,,,,Notebook Model 15,Notebook,299.0,Y,ลูกค้า 002,customer002@example.com,Chonburi,2025-01-04,PAY000278,"{'method': 'Credit Card', 'status': 'PAID'}",2026-01-10 02:25:00,627.9
ORD000279,2026-01-21 01:07:00,C0004,P040,2.0,3990.0,0.0,Mobile App,,,,Accessory Model 40,Accessory,3990.0,N,ลูกค้า 004,customer004@example.com,กรุงเทพมหานคร,2024-07-11,PAY000279,"{'method': 'PromptPay', 'status': 'PAID'}",2026-01-21 02:34:00,7980.0
ORD000280,2026-01-27 03:52:00,C0101,P004,2.0,1490.0,0.05,Web,,,,Smart Home Model 04,Smart Home,1490.0,Y,ลูกค้า 101,customer101@example.com,ภูเก็ต,2024-06-20,PAY000280,"{'method': 'Credit Card', 'status': 'PAID'}",2026-01-27 04:58:00,2831.0
ORD000281,2026-01-04 23:47:00,C0099,P011,1.0,23310.0,0.0,Mobile App,,,,Accessory Model 11,Accessory,25900.0,Y,ลูกค้า 099,customer099@example.com,ขอนเเก่น,2024-12-05,PAY000281,"{'method': 'Bank Transfer', 'status': 'PAID'}",2026-01-05 01:18:00,23310.0
ORD000282,2026-01-18 02:19:00,C0137,P026,1.0,12900.0,0.0,Marketplace,,,,Smart Home Model 26,Smart Home,12900.0,Y,ลูกค้า 137,customer137@example.com,Phuket,2025-01-23,PAY000282,"{'method': 'PromptPay', 'status': 'PAID'}",2026-01-18 04:13:00,12900.0
ORD000283,2026-01-05 22:30:00,C0078,P010,2.0,1039.5,0.0,Web,,,,Smart Home Model 10,Smart Home,990.0,Y,ลูกค้า 078,customer078@example.com,Rayong,2025-01-27,PAY000283,"{'method': 'PromptPay', 'status': 'PAID'}",2026-01-05 22:38:00,2079.0
ORD000284,2026-01-07 09:47:00,C0115,P035,3.0,25900.0,0.0,Web,,,,Accessory Model 35,Accessory,25900.0,Y,ลูกค้า 115,customer115@example.com,Rayong,2024-02-01,PAY000284,"{'method': 'PromptPay', 'status': 'PAID'}",2026-01-07 11:53:00,77700.0
ORD000285,2026-01-02 15:23:00,C0094,P025,2.0,27195.0,0.05,Mobile App,,,,Accessory Model 25,Accessory,25900.0,Y,ลูกค้า 094,customer094@example.com,ขอนแก่น,2025-04-07,PAY000285,"{'method': 'Bank Transfer', 'status': 'FAILED'}",2026-01-02 17:43:00,51670.5
ORD000286,2026-01-25 11:47:00,C0106,P027,2.0,25900.0,0.05,Marketplace,,,,Smartphone Model 27,Smartphone,25900.0,Y,ลูกค้า 106,customer106@example.com,Phuket,2024-02-13,PAY000286,"{'method': 'PromptPay', 'status': 'PAID'}",2026-01-25 13:38:00,49210.0
ORD000287,2026-01-17 00:04:00,C0074,P026,1.0,12255.0,0.0,Marketplace,,,,Smart Home Model 26,Smart Home,12900.0,Y,ลูกค้า 074,customer074@example.com,ขอนแก่น,2025-09-21,PAY000287,"{'method': 'Bank Transfer', 'status': 'PAID'}",2026-01-17 02:51:00,12255.0
ORD000288,2026-01-07 04:21:00,C0005,P029,3.0,3990.0,0.0,Marketplace,,,,Notebook Model 29,Notebook,3990.0,Y,ลูกค้า 005,customer005@example.com,ระยอง,2025-06-27,PAY000288,"{'method': 'PromptPay', 'status': 'PAID'}",2026-01-07 04:36:00,11970.0
ORD000289,2026-01-15 09:31:00,C0083,P029,3.0,3790.5,0.0,Marketplace,,,,Notebook Model 29,Notebook,3990.0,Y,ลูกค้า 083,customer083@example.com,ขอนแก่น,2024-06-13,PAY000289,"{'method': 'Bank Transfer', 'status': 'PAID'}",2026-01-15 09:43:00,11371.5
ORD000290,2026-01-12 13:01:00,C0038,P034,4.0,299.0,0.0,Web,,,,Accessory Model 34,Accessory,299.0,Y,ลูกค้า 038,customer038@example.com,ชลบุรี,2024-05-25,PAY000290,"{'method': 'Credit Card', 'status': 'PAID'}",2026-01-12 14:21:00,1196.0
ORD000291,2026-01-27 10:12:00,C0158,P036,3.0,299.0,0.1,Mobile App,,,,Notebook Model 36,Notebook,299.0,Y,ลูกค้า 158,customer158@example.com,เชียงใหม่,2024-02-23,PAY000291,"{'method': 'PromptPay', 'status': 'PAID'}",2026-01-27 10:43:00,807.3000000000001
ORD000292,2026-01-24 12:23:00,C0130,P013,1.0,474.05,0.05,Mobile App,,,,Smart Home Model 13,Smart Home,499.0,Y,ลูกค้า 130,customer130@example.com,ภูเก็ต,2025-09-18,PAY000292,"{'method': 'Bank Transfer', 'status': 'PAID'}",2026-01-24 14:47:00,450.34749999999997
ORD000293,2026-01-12 19:17:00,C0048,P037,3.0,24605.0,0.0,Web,,,,Smart Home Model 37,Smart Home,25900.0,Y,ลูกค้า 048,customer048@example.com,กทม.,2024-09-09,PAY000293,"{'method': 'PromptPay', 'status': 'PAID'}",2026-01-12 20:54:00,73815.0
ORD000294,2026-01-08 14:54:00,C0109,P007,1.0,27195.0,0.05,Mobile App,,,,Notebook Model 07,Notebook,25900.0,Y,ลูกค้า 109,customer109@example.com,กทม.,2025-01-07,PAY000294,"{'method': 'Credit Card', 'status': 'FAILED'}",2026-01-08 16:03:00,25835.25
ORD000295,2026-01-04 05:04:00,C0054,P036,2.0,313.95,0.1,Mobile App,,,,Notebook Model 36,Notebook,299.0,Y,ลูกค้า 054,customer054@example.com,Bangkok,2025-01-14,PAY000295,"{'method': 'PromptPay', 'status': 'PAID'}",2026-01-04 05:52:00,565.11
ORD000296,2026-01-16 06:57:00,C0104,P036,1.0,284.05,0.0,Marketplace,,,,Notebook Model 36,Notebook,299.0,Y,ลูกค้า 104,customer104@example.com,ระยอง,2025-05-17,PAY000296,"{'method': 'Bank Transfer', 'status': 'PAID'}",2026-01-16 07:02:00,284.05
ORD000297,2026-01-15 13:14:00,C0123,P019,2.0,3990.0,0.05,Mobile App,,,,Smartphone Model 19,Smartphone,3990.0,Y,ลูกค้า 123,customer123@example.com,Rayong,2025-02-26,PAY000297,"{'method': 'PromptPay', 'status': 'PAID'}",2026-01-15 15:38:00,7581.0
ORD000298,2026-01-27 17:42:00,C0122,P039,2.0,891.0,0.1,Marketplace,,,,Notebook Model 39,Notebook,990.0,N,ลูกค้า 122,customer122@example.com,ขอนแก่น,2025-01-18,PAY000298,"{'method': 'Credit Card', 'status': 'PAID'}",2026-01-27 19:15:00,1603.8
ORD000299,2026-01-02 22:35:00,C0009,P021,3.0,24605.0,0.1,Web,,,,Smart Home Model 21,Smart Home,25900.0,Y,ลูกค้า 009,customer009@example.com,Phuket,2024-09-06,PAY000299,"{'method': 'Bank Transfer', 'status': 'PAID'}",2026-01-03 00:20:00,66433.5
ORD000300,2026-01-20 05:53:00,C0138,P009,2.0,269.1,0.1,Web,,,,Notebook Model 09,Notebook,299.0,Y,ลูกค้า 138,customer138@example.com,กทม.,2025-06-20,PAY000300,"{'method': 'PromptPay', 'status': 'PAID'}",2026-01-20 06:26:00,484.38000000000005
ORD000301,2026-01-12 08:38:00,C0013,P040,4.0,3990.0,0.0,Marketplace,,,,Accessory Model 40,Accessory,3990.0,N,ลูกค้า 013,customer013@example.com,Chiang Mai,2024-04-18,PAY000301,"{'method': 'Bank Transfer', 'status': 'PAID'}",2026-01-12 10:45:00,15960.0
ORD000302,2026-01-02 04:34:00,C0081,P026,1.0,11610.0,0.05,Mobile App,,,,Smart Home Model 26,Smart Home,12900.0,Y,ลูกค้า 081,customer081@example.com,ขอนแก่น,2025-02-21,PAY000302,"{'method': 'PromptPay', 'status': 'PAID'}",2026-01-02 06:41:00,11029.5
ORD000303,2026-01-20 15:52:00,C0101,P026,4.0,12900.0,0.0,Marketplace,,,,Smart Home Model 26,Smart Home,12900.0,Y,ลูกค้า 101,customer101@example.com,ภูเก็ต,2024-06-20,PAY000303,"{'method': 'PromptPay', 'status': 'PAID'}",2026-01-20 17:24:00,51600.0
ORD000304,2026-01-04 19:27:00,C0147,P009,4.0,313.95,0.0,Mobile App,,,,Notebook Model 09,Notebook,299.0,Y,ลูกค้า 147,customer147@example.com,Chonburi,2024-08-13,PAY000304,"{'method': 'Credit Card', 'status': 'PAID'}",2026-01-04 21:36:00,1255.8
ORD000305,2026-01-26 21:33:00,C0116,P030,1.0,499.0,0.05,Web,,,,Smartphone Model 30,Smartphone,499.0,Y,ลูกค้า 116,,Rayong,2025-02-05,PAY000305,"{'method': 'Credit Card', 'status': 'PAID'}",2026-01-27 00:16:00,474.04999999999995
ORD000306,2026-01-22 16:20:00,C0126,P032,1.0,27195.0,0.0,Mobile App,,,,Notebook Model 32,Notebook,25900.0,Y,ลูกค้า 126,customer126@example.com,เชียงใหม่,2025-03-31,PAY000306,"{'method': 'PromptPay', 'status': 'PAID'}",2026-01-22 16:52:00,27195.0
ORD000307,2026-01-14 05:12:00,C0109,P039,3.0,1039.5,0.0,Web,,,,Notebook Model 39,Notebook,990.0,N,ลูกค้า 109,customer109@example.com,กทม.,2025-01-07,PAY000307,"{'method': 'Credit Card', 'status': 'PAID'}",2026-01-14 06:46:00,3118.5
ORD000308,2026-01-06 21:33:00,C0019,P037,4.0,23310.0,0.0,Marketplace,,,,Smart Home Model 37,Smart Home,25900.0,Y,ลูกค้า 019,customer019@example.com,Rayong,2025-01-23,PAY000308,"{'method': 'Credit Card', 'status': 'PAID'}",2026-01-06 22:49:00,93240.0
ORD000309,2026-01-16 01:10:00,C0081,P015,1.0,299.0,0.0,Marketplace,,,,Notebook Model 15,Notebook,299.0,Y,ลูกค้า 081,customer081@example.com,ขอนแก่น,2025-02-21,PAY000309,"{'method': 'PromptPay', 'status': 'PAID'}",2026-01-16 02:32:00,299.0
ORD000310,2026-01-13 04:56:00,C0029,P026,1.0,12900.0,0.0,Mobile App,,,,Smart Home Model 26,Smart Home,12900.0,Y,ลูกค้า 029,,ขอนแก่น,2025-05-28,PAY000310,"{'method': 'Credit Card', 'status': 'FAILED'}",2026-01-13 07:45:00,12900.0
ORD000311,2026-01-13 17:06:00,C0144,P032,3.0,25900.0,0.1,Mobile App,,,,Notebook Model 32,Notebook,25900.0,Y,ลูกค้า 144,customer144@example.com,ภูเก็ต,2025-04-02,PAY000311,"{'method': 'PromptPay', 'status': 'PAID'}",2026-01-13 17:17:00,69930.0
ORD000312,2026-01-04 13:24:00,C0011,P026,1.0,12900.0,0.0,Mobile App,,,,Smart Home Model 26,Smart Home,12900.0,Y,ลูกค้า 011,customer011@example.com,Chonburi,2024-06-14,PAY000312,"{'method': 'PromptPay', 'status': 'PAID'}",2026-01-04 14:00:00,12900.0
ORD000313,2026-01-18 16:23:00,C0088,P025,4.0,23310.0,0.0,Marketplace,,,,Accessory Model 25,Accessory,25900.0,Y,ลูกค้า 088,customer088@example.com,ภูเก็ต,2024-03-14,PAY000313,"{'method': 'PromptPay', 'status': 'FAILED'}",2026-01-18 18:36:00,93240.0
ORD000314,2026-01-01 06:01:00,C0027,P022,1.0,449.1,0.05,Web,,,,Accessory Model 22,Accessory,499.0,Y,ลูกค้า 027,customer027@example.com,Bangkok,2024-09-15,PAY000314,"{'method': 'Bank Transfer', 'status': 'FAILED'}",2026-01-01 07:10:00,426.645
ORD000315,2026-01-21 13:58:00,C0037,P016,1.0,1564.5,0.0,Marketplace,,,,Accessory Model 16,Accessory,1490.0,Y,ลูกค้า 037,customer037@example.com,ภูเก็ต,2025-07-06,PAY000315,"{'method': 'Bank Transfer', 'status': 'PAID'}",2026-01-21 14:19:00,1564.5
ORD000316,2026-01-15 06:25:00,C0140,P021,1.0,27195.0,0.0,Web,,,,Smart Home Model 21,Smart Home,25900.0,Y,ลูกค้า 140,customer140@example.com,ภูเก็ต,2025-05-08,PAY000316,"{'method': 'Credit Card', 'status': 'PAID'}",2026-01-15 09:11:00,27195.0
ORD000317,2026-01-26 07:49:00,C0068,P022,1.0,499.0,0.0,Marketplace,,,,Accessory Model 22,Accessory,499.0,Y,ลูกค้า 068, customer068@example.com ,ขอนเเก่น,2024-09-06,PAY000317,"{'method': 'Bank Transfer', 'status': 'PAID'}",2026-01-26 10:10:00,499.0
ORD000318,2026-01-04 17:13:00,C0008,P002,1.0,1490.0,0.0,Mobile App,,,,Smartphone Model 02,Smartphone,1490.0,Y,ลูกค้า 008,customer008@example.com,ขอนแก่น,2025-05-27,PAY000318,"{'method': 'Credit Card', 'status': 'PAID'}",2026-01-04 17:44:00,1490.0
ORD000319,2026-01-28 14:43:00,C0150,P013,1.0,499.0,0.0,Web,,,,Smart Home Model 13,Smart Home,499.0,Y,ลูกค้า 150,customer150@example.com,Chiang Mai,2024-09-13,PAY000319,"{'method': 'Bank Transfer', 'status': 'PAID'}",2026-01-28 17:09:00,499.0
ORD000320,2026-01-05 23:01:00,C0109,P008,1.0,523.95,0.0,Marketplace,,,,Accessory Model 08,Accessory,499.0,Y,ลูกค้า 109,customer109@example.com,กทม.,2025-01-07,PAY000320,"{'method': 'Bank Transfer', 'status': 'PAID'}",2026-01-06 00:18:00,523.95
ORD000321,2026-01-04 08:53:00,C0079,P014,1.0,990.0,0.1,Mobile App,,,,Notebook Model 14,Notebook,990.0,Y,ลูกค้า 079,customer079@example.com,ภูเก็ต,2024-08-28,PAY000321,"{'method': 'Bank Transfer', 'status': 'PAID'}",2026-01-04 10:21:00,891.0
ORD000322,2026-01-21 08:25:00,C0111,P036,1.0,284.05,0.0,Web,,,,Notebook Model 36,Notebook,299.0,Y,ลูกค้า 111,customer111@example.com,ขอนเเก่น,2025-03-30,PAY000322,"{'method': 'Credit Card', 'status': 'FAILED'}",2026-01-21 09:29:00,284.05
ORD000323,2026-01-28 04:05:00,C0151,P032,1.0,25900.0,0.0,Mobile App,,,,Notebook Model 32,Notebook,25900.0,Y,ลูกค้า 151,customer151@example.com,Chonburi,2024-10-15,PAY000323,"{'method': 'Credit Card', 'status': 'PAID'}",2026-01-28 04:59:00,25900.0
ORD000324,2026-01-13 14:46:00,C0044,P039,3.0,891.0,0.1,Mobile App,,,,Notebook Model 39,Notebook,990.0,N,ลูกค้า 044,customer044@example.com,กรุงเทพมหานคร,2025-02-26,PAY000324,"{'method': 'Bank Transfer', 'status': 'PAID'}",2026-01-13 17:04:00,2405.7000000000003
ORD000325,2026-01-07 06:28:00,C0012,P018,1.0,4189.5,0.0,Mobile App,,,,Smartphone Model 18,Smartphone,3990.0,Y,ลูกค้า 012,customer012@example.com,ขอนเเก่น,2025-11-17,PAY000325,"{'method': 'Credit Card', 'status': 'PAID'}",2026-01-07 08:31:00,4189.5
ORD000326,2026-01-26 10:56:00,C0100,P008,2.0,449.1,0.0,Mobile App,,,,Accessory Model 08,Accessory,499.0,Y,ลูกค้า 100,customer100@example.com,กรุงเทพมหานคร,2025-04-14,PAY000326,"{'method': 'Bank Transfer', 'status': 'REFUNDED'}",2026-01-26 11:27:00,898.2
ORD000327,2026-01-09 08:32:00,C0123,P020,3.0,474.05,0.0,Mobile App,,,,Smart Home Model 20,Smart Home,499.0,Y,ลูกค้า 123,customer123@example.com,Rayong,2025-02-26,PAY000327,"{'method': 'PromptPay', 'status': 'PAID'}",2026-01-09 10:26:00,1422.15
ORD000328,2026-01-23 13:01:00,C0046,P016,2.0,1341.0,0.0,Mobile App,,,,Accessory Model 16,Accessory,1490.0,Y,ลูกค้า 046,customer046@example.com,ชลบุรี,2024-05-21,PAY000328,"{'method': 'PromptPay', 'status': 'PAID'}",2026-01-23 13:55:00,2682.0
ORD000329,2026-01-24 00:32:00,C0140,P008,1.0,499.0,0.05,Marketplace,,,,Accessory Model 08,Accessory,499.0,Y,ลูกค้า 140,customer140@example.com,ภูเก็ต,2025-05-08,PAY000329,"{'method': 'Bank Transfer', 'status': 'PAID'}",2026-01-24 03:18:00,474.04999999999995
ORD000330,2026-01-12 11:00:00,C0020,P028,3.0,269.1,0.0,Web,,,,Smartphone Model 28,Smartphone,299.0,Y,ลูกค้า 020,customer020@example.com,ขอนแก่น,2025-10-31,PAY000330,"{'method': 'PromptPay', 'status': 'PAID'}",2026-01-12 11:50:00,807.3000000000001
ORD000331,2026-01-24 02:37:00,C0090,P035,1.0,24605.0,0.0,Marketplace,,,,Accessory Model 35,Accessory,25900.0,Y,ลูกค้า 090,customer090@example.com,เชียงใหม่,2024-09-18,PAY000331,"{'method': 'Credit Card', 'status': 'PAID'}",2026-01-24 04:21:00,24605.0
ORD000332,2026-01-23 04:50:00,C0135,P003,2.0,25900.0,0.05,Marketplace,,,,Smartphone Model 03,Smartphone,25900.0,Y,ลูกค้า 135,customer135@example.com,กรุงเทพมหานคร,2024-08-01,PAY000332,"{'method': 'Bank Transfer', 'status': 'PAID'}",2026-01-23 05:08:00,49210.0
ORD000333,2026-01-20 03:21:00,C0143,P011,2.0,25900.0,0.0,Web,,,,Accessory Model 11,Accessory,25900.0,Y,ลูกค้า 143,customer143@example.com,เชียงใหม่,2025-01-04,PAY000333,"{'method': 'PromptPay', 'status': 'PAID'}",2026-01-20 05:27:00,51800.0
ORD000334,2026-01-03 11:55:00,C0090,P021,1.0,24605.0,0.1,Mobile App,,,,Smart Home Model 21,Smart Home,25900.0,Y,ลูกค้า 090,customer090@example.com,เชียงใหม่,2024-09-18,PAY000334,"{'method': 'Credit Card', 'status': 'PAID'}",2026-01-03 14:23:00,22144.5
ORD000335,2026-01-18 07:01:00,C0114,P019,2.0,3990.0,0.0,Web,,,,Smartphone Model 19,Smartphone,3990.0,Y,ลูกค้า 114,customer114@example.com,Chiang Mai,2025-04-05,PAY000335,"{'method': 'Bank Transfer', 'status': 'PAID'}",2026-01-18 08:42:00,7980.0
ORD000336,2026-01-27 00:17:00,C0058,P021,2.0,24605.0,0.0,Marketplace,,,,Smart Home Model 21,Smart Home,25900.0,Y,ลูกค้า 058,,ระยอง,2025-07-15,PAY000336,"{'method': 'Bank Transfer', 'status': 'PAID'}",2026-01-27 01:36:00,49210.0
ORD000337,2026-01-16 00:09:00,C0061,P019,1.0,3990.0,0.1,Mobile App,,,,Smartphone Model 19,Smartphone,3990.0,Y,ลูกค้า 061,customer061@example.com,ขอนเเก่น,2025-02-04,PAY000337,"{'method': 'Credit Card', 'status': 'PAID'}",2026-01-16 00:35:00,3591.0
ORD000338,2026-01-27 15:41:00,C0036,P024,2.0,313.95,0.0,Marketplace,,,,Accessory Model 24,Accessory,299.0,Y,ลูกค้า 036,customer036@example.com,กทม.,2024-10-26,PAY000338,"{'method': 'Bank Transfer', 'status': 'PAID'}",2026-01-27 17:48:00,627.9
ORD000339,2026-01-24 07:46:00,C0140,P003,2.0,24605.0,0.0,Web,,,,Smartphone Model 03,Smartphone,25900.0,Y,ลูกค้า 140,customer140@example.com,ภูเก็ต,2025-05-08,PAY000339,"{'method': 'PromptPay', 'status': 'PAID'}",2026-01-24 08:27:00,49210.0
ORD000340,2026-01-21 07:12:00,C0040,P005,3.0,313.95,0.0,Mobile App,,,,Smartphone Model 05,Smartphone,299.0,Y,ลูกค้า 040,customer040@example.com,กรุงเทพมหานคร,2025-05-29,PAY000340,"{'method': 'Bank Transfer', 'status': 'PAID'}",2026-01-21 09:33:00,941.8499999999999
ORD000341,2026-01-24 01:27:00,C0159,P012,1.0,891.0,0.0,Marketplace,,,,Accessory Model 12,Accessory,990.0,Y,ลูกค้า 159,customer159@example.com,Phuket,2025-08-26,PAY000341,"{'method': 'Bank Transfer', 'status': 'PAID'}",2026-01-24 03:27:00,891.0
ORD000342,2026-01-26 00:15:00,C0029,P036,3.0,299.0,0.1,Web,,,,Notebook Model 36,Notebook,299.0,Y,ลูกค้า 029,,ขอนแก่น,2025-05-28,PAY000342,"{'method': 'PromptPay', 'status': 'PAID'}",2026-01-26 01:32:00,807.3000000000001
ORD000343,2026-01-24 15:07:00,C0008,P033,4.0,12900.0,0.0,Mobile App,,,,Smart Home Model 33,Smart Home,12900.0,Y,ลูกค้า 008,customer008@example.com,ขอนแก่น,2025-05-27,PAY000343,"{'method': 'PromptPay', 'status': 'PAID'}",2026-01-24 15:32:00,51600.0
ORD000344,2026-01-03 07:19:00,C0140,P032,4.0,23310.0,0.0,Marketplace,,,,Notebook Model 32,Notebook,25900.0,Y,ลูกค้า 140,customer140@example.com,ภูเก็ต,2025-05-08,PAY000344,"{'method': 'PromptPay', 'status': 'PAID'}",2026-01-03 08:00:00,93240.0
ORD000345,2026-01-06 18:55:00,C0129,P012,1.0,940.5,0.0,Web,,,,Accessory Model 12,Accessory,990.0,Y,ลูกค้า 129,customer129@example.com,กทม.,2025-06-03,PAY000345,"{'method': 'Bank Transfer', 'status': 'PAID'}",2026-01-06 20:15:00,940.5
ORD000346,2026-01-17 20:22:00,C0018,P021,4.0,24605.0,0.0,Web,,,,Smart Home Model 21,Smart Home,25900.0,Y,ลูกค้า 018,customer018@example.com,ขอนแก่น,2024-03-18,PAY000346,"{'method': 'Bank Transfer', 'status': 'PAID'}",2026-01-17 21:14:00,98420.0
ORD000347,2026-01-02 23:31:00,C0145,P037,1.0,25900.0,0.0,Mobile App,,,,Smart Home Model 37,Smart Home,25900.0,Y,ลูกค้า 145,,Phuket,2024-06-01,PAY000347,"{'method': 'Credit Card', 'status': 'REFUNDED'}",2026-01-03 02:03:00,25900.0
ORD000348,2026-01-08 09:01:00,C0079,P010,4.0,891.0,0.0,Marketplace,,,,Smart Home Model 10,Smart Home,990.0,Y,ลูกค้า 079,customer079@example.com,ภูเก็ต,2024-08-28,PAY000348,"{'method': 'Credit Card', 'status': 'PAID'}",2026-01-08 10:08:00,3564.0
ORD000349,2026-01-13 15:09:00,C0011,P027,4.0,23310.0,0.1,Mobile App,,,,Smartphone Model 27,Smartphone,25900.0,Y,ลูกค้า 011,customer011@example.com,Chonburi,2024-06-14,PAY000349,"{'method': 'Bank Transfer', 'status': 'PAID'}",2026-01-13 16:38:00,83916.0
ORD000350,2026-01-11 09:57:00,C0155,P024,2.0,269.1,0.05,Mobile App,,,,Accessory Model 24,Accessory,299.0,Y,ลูกค้า 155,customer155@example.com,Chiang Mai,2025-01-16,PAY000350,"{'method': 'Credit Card', 'status': 'PAID'}",2026-01-11 11:09:00,511.29
ORD000351,2026-01-17 17:41:00,C0119,P030,2.0,499.0,0.0,Marketplace,,,,Smartphone Model 30,Smartphone,499.0,Y,ลูกค้า 119, customer119@example.com ,ขอนแก่น,2024-12-12,PAY000351,"{'method': 'Credit Card', 'status': 'PAID'}",2026-01-17 18:25:00,998.0
ORD000352,2026-01-21 13:44:00,C0076,P022,1.0,449.1,0.05,Marketplace,,,,Accessory Model 22,Accessory,499.0,Y,ลูกค้า 076,customer076@example.com,Rayong,2025-04-04,PAY000352,"{'method': 'Bank Transfer', 'status': 'PAID'}",2026-01-21 14:08:00,426.645
ORD000353,2026-01-22 13:13:00,C0032,P006,1.0,299.0,0.0,Marketplace,,,,Accessory Model 06,Accessory,299.0,Y,ลูกค้า 032,customer032@example.com,ระยอง,2024-11-22,PAY000353,"{'method': 'Bank Transfer', 'status': 'PAID'}",2026-01-22 15:41:00,299.0
ORD000354,2026-01-19 08:37:00,C0032,P023,1.0,299.0,0.0,Marketplace,,,,Accessory Model 23,Accessory,299.0,Y,ลูกค้า 032,customer032@example.com,ระยอง,2024-11-22,PAY000354,"{'method': 'Bank Transfer', 'status': 'PAID'}",2026-01-19 10:06:00,299.0
ORD000355,2026-01-10 07:21:00,C0112,P016,1.0,1564.5,0.0,Marketplace,,,,Accessory Model 16,Accessory,1490.0,Y,ลูกค้า 112,customer112@example.com,กรุงเทพมหานคร,2025-11-24,PAY000355,"{'method': 'Bank Transfer', 'status': 'PAID'}",2026-01-10 07:25:00,1564.5
ORD000356,2026-01-02 23:47:00,C0158,P016,2.0,1564.5,0.05,Marketplace,,,,Accessory Model 16,Accessory,1490.0,Y,ลูกค้า 158,customer158@example.com,เชียงใหม่,2024-02-23,PAY000356,"{'method': 'Credit Card', 'status': 'PAID'}",2026-01-03 01:50:00,2972.5499999999997
ORD000357,2026-01-18 15:19:00,C0087,P020,2.0,449.1,0.05,Marketplace,,,,Smart Home Model 20,Smart Home,499.0,Y,ลูกค้า 087,,กรุงเทพมหานคร,2024-11-28,PAY000357,"{'method': 'Credit Card', 'status': 'PAID'}",2026-01-18 17:51:00,853.29
ORD000358,2026-01-05 18:00:00,C0063,P002,4.0,1415.5,0.1,Mobile App,,,,Smartphone Model 02,Smartphone,1490.0,Y,ลูกค้า 063,customer063@example.com,Rayong,2024-08-07,PAY000358,"{'method': 'Credit Card', 'status': 'PAID'}",2026-01-05 18:03:00,5095.8
ORD000359,2026-01-14 22:16:00,C0151,P016,1.0,1564.5,0.0,Marketplace,,,,Accessory Model 16,Accessory,1490.0,Y,ลูกค้า 151,customer151@example.com,Chonburi,2024-10-15,PAY000359,"{'method': 'Bank Transfer', 'status': 'PAID'}",2026-01-14 22:52:00,1564.5
ORD000360,2026-01-24 07:27:00,C0009,P015,2.0,269.1,0.0,Marketplace,,,,Notebook Model 15,Notebook,299.0,Y,ลูกค้า 009,customer009@example.com,Phuket,2024-09-06,PAY000360,"{'method': 'Credit Card', 'status': 'PAID'}",2026-01-24 09:45:00,538.2
ORD000361,,C0124,P019,,4189.5,0.0,Web,19/02/2026 02:59,1.0,5%,Smartphone Model 19,Smartphone,3990.0,Y,ลูกค้า 124,customer124@example.com,กรุงเทพมหานคร,2025-08-06,PAY000361,"{'method': 'Bank Transfer', 'status': 'PAID'}",2026-02-19 05:29:00,
ORD000362,,C0072,P039,,940.5,0.0,Web,20/02/2026 07:33,2.0,5%,Notebook Model 39,Notebook,990.0,N,ลูกค้า 072,customer072@example.com,เชียงใหม่,2024-04-28,PAY000362,"{'method': 'PromptPay', 'status': 'PAID'}",2026-02-20 08:35:00,
ORD000363,,C0136,P014,,940.5,0.0,Mobile App,08/02/2026 06:17,2.0,5%,Notebook Model 14,Notebook,990.0,Y,ลูกค้า 136, customer136@example.com ,ระยอง,2024-06-23,PAY000363,"{'method': 'PromptPay', 'status': 'PAID'}",2026-02-08 08:22:00,
ORD000364,,C0077,P038,,12900.0,0.0,Web,16/02/2026 06:58,2.0,0%,Smartphone Model 38,Smartphone,12900.0,N,ลูกค้า 077,customer077@example.com,Chiang Mai,2024-10-22,PAY000364,"{'method': 'Credit Card', 'status': 'PAID'}",2026-02-16 07:47:00,
ORD000365,,C0139,P004,,1490.0,0.0,Marketplace,23/02/2026 13:30,2.0,0%,Smart Home Model 04,Smart Home,1490.0,Y,ลูกค้า 139,customer139@example.com,ระยอง,2024-07-19,PAY000365,"{'method': 'Credit Card', 'status': 'PAID'}",2026-02-23 13:35:00,
ORD000366,,C0088,P004,,1490.0,0.0,Marketplace,14/02/2026 20:28,1.0,0%,Smart Home Model 04,Smart Home,1490.0,Y,ลูกค้า 088,customer088@example.com,ภูเก็ต,2024-03-14,PAY000366,"{'method': 'Credit Card', 'status': 'PAID'}",2026-02-14 20:32:00,
ORD000367,,C0161,P040,,4189.5,0.0,Marketplace,10/02/2026 16:53,3.0,5%,Accessory Model 40,Accessory,3990.0,N,,,,,PAY000367,"{'method': 'Bank Transfer', 'status': 'PAID'}",2026-02-10 18:47:00,
ORD000368,,C0095,P026,,12900.0,0.0,Web,12/02/2026 17:59,-1.0,0%,Smart Home Model 26,Smart Home,12900.0,Y,ลูกค้า 095,customer095@example.com,ระยอง,2024-09-29,PAY000368,"{'method': 'PromptPay', 'status': 'FAILED'}",2026-02-12 19:46:00,
ORD000369,,C0037,P033,,13545.0,0.0,Mobile App,22/02/2026 01:54,3.0,0%,Smart Home Model 33,Smart Home,12900.0,Y,ลูกค้า 037,customer037@example.com,ภูเก็ต,2025-07-06,PAY000369,"{'method': 'Credit Card', 'status': 'PAID'}",2026-02-22 03:25:00,
ORD000370,,C0050,P006,,284.05,0.0,Marketplace,05/02/2026 13:06,2.0,5%,Accessory Model 06,Accessory,299.0,Y,ลูกค้า 050,customer050@example.com,Chiang Mai,2024-02-03,PAY000370,"{'method': 'PromptPay', 'status': 'PAID'}",2026-02-05 15:17:00,
ORD000371,,C0155,P029,,3990.0,0.0,Web,06/02/2026 02:30,4.0,0%,Notebook Model 29,Notebook,3990.0,Y,ลูกค้า 155,customer155@example.com,Chiang Mai,2025-01-16,PAY000371,"{'method': 'PromptPay', 'status': 'PAID'}",2026-02-06 05:03:00,
ORD000372,,C0096,P025,,27195.0,0.0,Mobile App,03/02/2026 18:30,2.0,10%,Accessory Model 25,Accessory,25900.0,Y,ลูกค้า 096,customer096@example.com,กรุงเทพมหานคร,2025-12-01,PAY000372,"{'method': 'Bank Transfer', 'status': 'PAID'}",2026-02-03 20:56:00,
ORD000373,,C0081,P028,,269.1,0.0,Marketplace,05/02/2026 22:22,1.0,5%,Smartphone Model 28,Smartphone,299.0,Y,ลูกค้า 081,customer081@example.com,ขอนแก่น,2025-02-21,PAY000373,"{'method': 'Credit Card', 'status': 'PAID'}",2026-02-05 23:00:00,
ORD000374,,C0101,P040,,3591.0,0.0,Web,12/02/2026 03:57,1.0,0%,Accessory Model 40,Accessory,3990.0,N,ลูกค้า 101,customer101@example.com,ภูเก็ต,2024-06-20,PAY000374,"{'method': 'Credit Card', 'status': 'PAID'}",2026-02-12 05:01:00,
ORD000375,,C0034,P008,,474.05,0.0,Web,16/02/2026 10:59,1.0,5%,Accessory Model 08,Accessory,499.0,Y,ลูกค้า 034, customer034@example.com ,Phuket,2025-04-19,PAY000375,"{'method': 'PromptPay', 'status': 'PAID'}",2026-02-16 11:10:00,
ORD000376,,C0155,P027,,27195.0,0.0,Mobile App,26/02/2026 11:51,4.0,0%,Smartphone Model 27,Smartphone,25900.0,Y,ลูกค้า 155,customer155@example.com,Chiang Mai,2025-01-16,PAY000376,"{'method': 'Credit Card', 'status': 'PAID'}",2026-02-26 13:45:00,
ORD000377,,C0114,P014,,891.0,0.0,Web,18/02/2026 10:54,1.0,0%,Notebook Model 14,Notebook,990.0,Y,ลูกค้า 114,customer114@example.com,Chiang Mai,2025-04-05,PAY000377,"{'method': 'PromptPay', 'status': 'PAID'}",2026-02-18 13:06:00,
ORD000378,,C0118,P002,,1415.5,0.0,Marketplace,03/02/2026 18:47,4.0,10%,Smartphone Model 02,Smartphone,1490.0,Y,ลูกค้า 118,customer118@example.com,Rayong,2024-07-23,PAY000378,"{'method': 'Credit Card', 'status': 'PAID'}",2026-02-03 21:18:00,
ORD000379,,C0002,P010,,1039.5,0.0,Mobile App,26/02/2026 21:04,1.0,5%,Smart Home Model 10,Smart Home,990.0,Y,ลูกค้า 002,customer002@example.com,Chonburi,2025-01-04,PAY000379,"{'method': 'Credit Card', 'status': 'PAID'}",2026-02-26 23:45:00,
ORD000380,,C0045,P026,,11610.0,0.0,Web,04/02/2026 17:51,3.0,5%,Smart Home Model 26,Smart Home,12900.0,Y,ลูกค้า 045,customer045@example.com,Chiang Mai,2025-05-04,PAY000380,"{'method': 'PromptPay', 'status': 'PAID'}",2026-02-04 18:14:00,
ORD000381,,C0077,P007,,24605.0,0.0,Mobile App,09/02/2026 10:43,1.0,0%,Notebook Model 07,Notebook,25900.0,Y,ลูกค้า 077,customer077@example.com,Chiang Mai,2024-10-22,PAY000381,"{'method': 'Bank Transfer', 'status': 'PAID'}",2026-02-09 13:34:00,
ORD000382,,C0155,P999,,4189.5,0.0,Web,09/02/2026 09:31,3.0,5%,,,,,ลูกค้า 155,customer155@example.com,Chiang Mai,2025-01-16,PAY000382,"{'method': 'Credit Card', 'status': 'PAID'}",2026-02-09 12:08:00,
ORD000383,,C0022,P026,,12255.0,0.0,Marketplace,11/02/2026 01:20,4.0,0%,Smart Home Model 26,Smart Home,12900.0,Y,ลูกค้า 022,customer022@example.com,Bangkok,2025-07-21,PAY000383,"{'method': 'Bank Transfer', 'status': 'REFUNDED'}",2026-02-11 01:31:00,
ORD000384,,C0013,P038,,13545.0,0.0,Marketplace,14/02/2026 07:10,1.0,5%,Smartphone Model 38,Smartphone,12900.0,N,ลูกค้า 013,customer013@example.com,Chiang Mai,2024-04-18,PAY000384,"{'method': 'PromptPay', 'status': 'PAID'}",2026-02-14 07:53:00,
ORD000385,,C0089,P028,,299.0,0.0,Web,12/02/2026 03:57,4.0,0%,Smartphone Model 28,Smartphone,299.0,Y,ลูกค้า 089,customer089@example.com,ชลบุรี,2024-02-07,PAY000385,"{'method': 'Credit Card', 'status': 'PAID'}",2026-02-12 06:23:00,
ORD000386,,C0156,P016,,1341.0,0.0,Web,20/02/2026 14:00,1.0,10%,Accessory Model 16,Accessory,1490.0,Y,ลูกค้า 156,customer156@example.com,กรุงเทพมหานคร,2024-07-31,PAY000386,"{'method': 'Bank Transfer', 'status': 'FAILED'}",2026-02-20 14:51:00,
ORD000387,,C0071,P028,,313.95,0.0,Marketplace,12/02/2026 10:15,4.0,0%,Smartphone Model 28,Smartphone,299.0,Y,ลูกค้า 071,customer071@example.com,ชลบุรี,2024-03-26,PAY000387,"{'method': 'Bank Transfer', 'status': 'PAID'}",2026-02-12 11:47:00,
ORD000388,,C0100,P018,,3591.0,0.0,Web,22/02/2026 14:44,2.0,0%,Smartphone Model 18,Smartphone,3990.0,Y,ลูกค้า 100,customer100@example.com,กรุงเทพมหานคร,2025-04-14,PAY000388,"{'method': 'Credit Card', 'status': 'PAID'}",2026-02-22 17:25:00,
ORD000389,,C0051,P032,,25900.0,0.0,Marketplace,15/02/2026 15:29,2.0,0%,Notebook Model 32,Notebook,25900.0,Y,ลูกค้า 051, customer051@example.com ,Chiang Mai,2025-03-18,PAY000389,"{'method': 'Credit Card', 'status': 'PAID'}",2026-02-15 18:16:00,
ORD000390,,C0159,P026,,11610.0,0.0,Mobile App,04/02/2026 07:56,3.0,0%,Smart Home Model 26,Smart Home,12900.0,Y,ลูกค้า 159,customer159@example.com,Phuket,2025-08-26,PAY000390,"{'method': 'Bank Transfer', 'status': 'PAID'}",2026-02-04 09:09:00,
ORD000391,,C0101,P020,,449.1,0.0,Mobile App,18/02/2026 08:58,2.0,0%,Smart Home Model 20,Smart Home,499.0,Y,ลูกค้า 101,customer101@example.com,ภูเก็ต,2024-06-20,PAY000391,"{'method': 'Credit Card', 'status': 'PAID'}",2026-02-18 09:31:00,
ORD000392,,C0107,P023,,269.1,0.0,Mobile App,26/02/2026 06:39,1.0,0%,Accessory Model 23,Accessory,299.0,Y,ลูกค้า 107,customer107@example.com,ระยอง,2024-09-27,PAY000392,"{'method': 'Credit Card', 'status': 'PAID'}",2026-02-26 08:14:00,
ORD000393,,C0075,P022,,449.1,0.0,Marketplace,08/02/2026 21:28,1.0,0%,Accessory Model 22,Accessory,499.0,Y,ลูกค้า 075,customer075@example.com,Rayong,2025-10-27,PAY000393,"{'method': 'Credit Card', 'status': 'FAILED'}",2026-02-09 00:05:00,
ORD000394,,C0015,P007,,24605.0,0.0,Web,06/02/2026 06:54,2.0,10%,Notebook Model 07,Notebook,25900.0,Y,ลูกค้า 015,customer015@example.com,ภูเก็ต,2025-09-02,PAY000394,"{'method': 'Bank Transfer', 'status': 'PAID'}",2026-02-06 09:38:00,
ORD000395,,C0008,P020,,499.0,0.0,Web,12/02/2026 15:38,1.0,0%,Smart Home Model 20,Smart Home,499.0,Y,ลูกค้า 008,customer008@example.com,ขอนแก่น,2025-05-27,PAY000395,"{'method': 'Bank Transfer', 'status': 'PAID'}",2026-02-12 15:41:00,
ORD000396,,C0019,P026,,12900.0,0.0,Marketplace,13/02/2026 07:26,3.0,10%,Smart Home Model 26,Smart Home,12900.0,Y,ลูกค้า 019,customer019@example.com,Rayong,2025-01-23,PAY000396,"{'method': 'Credit Card', 'status': 'FAILED'}",2026-02-13 08:27:00,
ORD000397,,C0015,P040,,3990.0,0.0,Marketplace,06/02/2026 11:40,2.0,10%,Accessory Model 40,Accessory,3990.0,N,ลูกค้า 015,customer015@example.com,ภูเก็ต,2025-09-02,PAY000397,"{'method': 'PromptPay', 'status': 'PAID'}",2026-02-06 12:31:00,
ORD000398,,C0095,P040,,3990.0,0.0,Marketplace,20/02/2026 16:01,2.0,0%,Accessory Model 40,Accessory,3990.0,N,ลูกค้า 095,customer095@example.com,ระยอง,2024-09-29,PAY000398,"{'method': 'Credit Card', 'status': 'PAID'}",2026-02-20 17:09:00,
ORD000399,,C0102,P026,,12900.0,0.0,Mobile App,12/02/2026 11:47,2.0,0%,Smart Home Model 26,Smart Home,12900.0,Y,ลูกค้า 102, customer102@example.com ,ระยอง,2025-09-03,PAY000399,"{'method': 'Bank Transfer', 'status': 'FAILED'}",2026-02-12 12:21:00,
ORD000400,,C0078,P035,,27195.0,0.0,Web,19/02/2026 15:10,4.0,0%,Accessory Model 35,Accessory,25900.0,Y,ลูกค้า 078,customer078@example.com,Rayong,2025-01-27,PAY000400,"{'method': 'PromptPay', 'status': 'PAID'}",2026-02-19 17:01:00,
ORD000401,,C0085,P013,,499.0,0.0,Marketplace,16/02/2026 16:25,3.0,10%,Smart Home Model 13,Smart Home,499.0,Y,ลูกค้า 085, customer085@example.com ,Bangkok,2024-11-20,PAY000401,"{'method': 'Bank Transfer', 'status': 'PAID'}",2026-02-16 18:28:00,
ORD000402,,C0084,P030,,523.95,0.0,Web,16/02/2026 20:27,1.0,5%,Smartphone Model 30,Smartphone,499.0,Y,ลูกค้า 084,customer084@example.com,กทม.,2024-05-22,PAY000402,"{'method': 'PromptPay', 'status': 'PAID'}",2026-02-16 23:00:00,
ORD000403,,C0107,P031,,1490.0,0.0,Mobile App,17/02/2026 06:30,1.0,0%,Smart Home Model 31,Smart Home,1490.0,Y,ลูกค้า 107,customer107@example.com,ระยอง,2024-09-27,PAY000403,"{'method': 'Credit Card', 'status': 'PAID'}",2026-02-17 08:01:00,
ORD000404,,C0100,P009,,,0.0,Marketplace,11/02/2026 18:58,1.0,10%,Notebook Model 09,Notebook,299.0,Y,ลูกค้า 100,customer100@example.com,กรุงเทพมหานคร,2025-04-14,PAY000404,"{'method': 'Credit Card', 'status': 'PAID'}",2026-02-11 19:53:00,
ORD000405,,C0070,P001,,299.0,0.0,Marketplace,27/02/2026 09:47,1.0,0%,Notebook Model 01,Notebook,299.0,Y,ลูกค้า 070,customer070@example.com,เชียงใหม่,2025-11-15,PAY000405,"{'method': 'PromptPay', 'status': 'PAID'}",2026-02-27 10:57:00,
ORD000406,,C0144,P035,,23310.0,0.0,Web,04/02/2026 00:37,3.0,0%,Accessory Model 35,Accessory,25900.0,Y,ลูกค้า 144,customer144@example.com,ภูเก็ต,2025-04-02,PAY000406,"{'method': 'Credit Card', 'status': 'PAID'}",2026-02-04 01:48:00,
ORD000407,,C0100,P027,,23310.0,0.0,Web,28/02/2026 08:21,4.0,10%,Smartphone Model 27,Smartphone,25900.0,Y,ลูกค้า 100,customer100@example.com,กรุงเทพมหานคร,2025-04-14,PAY000407,"{'method': 'PromptPay', 'status': 'PAID'}",2026-02-28 11:09:00,
ORD000408,,C0047,P032,,25900.0,0.0,Marketplace,27/02/2026 20:30,2.0,5%,Notebook Model 32,Notebook,25900.0,Y,ลูกค้า 047,customer047@example.com,Rayong,2025-10-16,PAY000408,"{'method': 'PromptPay', 'status': 'PAID'}",2026-02-27 20:36:00,
ORD000409,,C0071,P035,,27195.0,0.0,Mobile App,17/02/2026 18:03,3.0,0%,Accessory Model 35,Accessory,25900.0,Y,ลูกค้า 071,customer071@example.com,ชลบุรี,2024-03-26,PAY000409,"{'method': 'Credit Card', 'status': 'PAID'}",2026-02-17 18:22:00,
ORD000410,,C0162,P004,,1490.0,0.0,Mobile App,19/02/2026 17:45,3.0,0%,Smart Home Model 04,Smart Home,1490.0,Y,,,,,PAY000410,"{'method': 'Credit Card', 'status': 'PAID'}",2026-02-19 20:14:00,
ORD000411,,C0030,P025,,25900.0,0.0,Mobile App,10/02/2026 01:56,1.0,0%,Accessory Model 25,Accessory,25900.0,Y,ลูกค้า 030,customer030@example.com,ชลบุรี,2024-07-04,PAY000411,"{'method': 'Credit Card', 'status': 'PAID'}",2026-02-10 04:29:00,
ORD000412,,C0088,P025,,25900.0,0.0,Web,11/02/2026 23:14,2.0,0%,Accessory Model 25,Accessory,25900.0,Y,ลูกค้า 088,customer088@example.com,ภูเก็ต,2024-03-14,PAY000412,"{'method': 'Credit Card', 'status': 'PAID'}",2026-02-12 02:03:00,
ORD000413,,C0125,P005,,313.95,0.0,Web,12/02/2026 05:32,2.0,0%,Smartphone Model 05,Smartphone,299.0,Y,ลูกค้า 125,customer125@example.com,Chiang Mai,2025-07-08,PAY000413,"{'method': 'Bank Transfer', 'status': 'PAID'}",2026-02-12 07:20:00,
ORD000414,,C0072,P019,,3591.0,0.0,Web,18/02/2026 15:53,1.0,0%,Smartphone Model 19,Smartphone,3990.0,Y,ลูกค้า 072,customer072@example.com,เชียงใหม่,2024-04-28,PAY000414,"{'method': 'Credit Card', 'status': 'PAID'}",2026-02-18 17:19:00,
ORD000415,,C0007,P037,,24605.0,0.0,Marketplace,15/02/2026 12:42,4.0,0%,Smart Home Model 37,Smart Home,25900.0,Y,ลูกค้า 007,customer007@example.com,Bangkok,2025-09-27,PAY000415,"{'method': 'Credit Card', 'status': 'PAID'}",2026-02-15 13:09:00,
ORD000416,,C0109,P023,,299.0,0.0,Mobile App,06/02/2026 05:45,2.0,0%,Accessory Model 23,Accessory,299.0,Y,ลูกค้า 109,customer109@example.com,กทม.,2025-01-07,PAY000416,"{'method': 'Bank Transfer', 'status': 'PAID'}",2026-02-06 07:35:00,
ORD000417,,C0075,P013,,474.05,0.0,Web,26/02/2026 00:25,1.0,0%,Smart Home Model 13,Smart Home,499.0,Y,ลูกค้า 075,customer075@example.com,Rayong,2025-10-27,PAY000417,"{'method': 'Credit Card', 'status': 'FAILED'}",2026-02-26 00:38:00,
ORD000418,,C0097,P018,,3790.5,0.0,Marketplace,26/02/2026 17:39,2.0,5%,Smartphone Model 18,Smartphone,3990.0,Y,ลูกค้า 097,customer097@example.com,Chiang Mai,2024-03-11,PAY000418,"{'method': 'Credit Card', 'status': 'PAID'}",2026-02-26 19:56:00,
ORD000419,,C0015,P002,,1341.0,0.0,Marketplace,12/02/2026 23:28,1.0,10%,Smartphone Model 02,Smartphone,1490.0,Y,ลูกค้า 015,customer015@example.com,ภูเก็ต,2025-09-02,PAY000419,"{'method': 'Bank Transfer', 'status': 'PAID'}",2026-02-13 02:09:00,
ORD000420,,C0056,P021,,23310.0,0.0,Mobile App,09/02/2026 09:44,1.0,10%,Smart Home Model 21,Smart Home,25900.0,Y,ลูกค้า 056,customer056@example.com,Chiang Mai,2024-02-21,PAY000420,"{'method': 'Bank Transfer', 'status': 'PAID'}",2026-02-09 12:05:00,
ORD000421,,C0160,P023,,284.05,0.0,Marketplace,14/02/2026 04:43,3.0,10%,Accessory Model 23,Accessory,299.0,Y,ลูกค้า 160,customer160@example.com,Bangkok,2025-09-19,PAY000421,"{'method': 'Bank Transfer', 'status': 'PAID'}",2026-02-14 06:37:00,
ORD000422,,C0160,P001,,299.0,0.0,Mobile App,27/02/2026 13:36,3.0,0%,Notebook Model 01,Notebook,299.0,Y,ลูกค้า 160,customer160@example.com,Bangkok,2025-09-19,PAY000422,"{'method': 'PromptPay', 'status': 'PAID'}",2026-02-27 16:23:00,
ORD000423,,C0047,P027,,24605.0,0.0,Web,04/02/2026 18:44,4.0,0%,Smartphone Model 27,Smartphone,25900.0,Y,ลูกค้า 047,customer047@example.com,Rayong,2025-10-16,PAY000423,"{'method': 'Bank Transfer', 'status': 'PAID'}",2026-02-04 21:21:00,
ORD000424,,C0002,P007,,24605.0,0.0,Web,19/02/2026 22:35,1.0,5%,Notebook Model 07,Notebook,25900.0,Y,ลูกค้า 002,customer002@example.com,Chonburi,2025-01-04,PAY000424,"{'method': 'Credit Card', 'status': 'PAID'}",2026-02-19 22:53:00,
ORD000425,,C0145,P003,,25900.0,0.0,Web,17/02/2026 18:53,2.0,0%,Smartphone Model 03,Smartphone,25900.0,Y,ลูกค้า 145,,Phuket,2024-06-01,PAY000425,"{'method': 'PromptPay', 'status': 'PAID'}",2026-02-17 21:34:00,
ORD000426,,C0043,P027,,25900.0,0.0,Web,25/02/2026 09:55,4.0,0%,Smartphone Model 27,Smartphone,25900.0,Y,ลูกค้า 043,customer043@example.com,ระยอง,2024-12-29,PAY000426,"{'method': 'Credit Card', 'status': 'PAID'}",2026-02-25 11:08:00,
ORD000427,,C0137,P027,,23310.0,0.0,Mobile App,24/02/2026 02:11,1.0,0%,Smartphone Model 27,Smartphone,25900.0,Y,ลูกค้า 137,customer137@example.com,Phuket,2025-01-23,PAY000427,"{'method': 'PromptPay', 'status': 'FAILED'}",2026-02-24 05:08:00,
ORD000428,,C0036,P032,,27195.0,0.0,Mobile App,01/02/2026 09:32,2.0,0%,Notebook Model 32,Notebook,25900.0,Y,ลูกค้า 036,customer036@example.com,กทม.,2024-10-26,PAY000428,"{'method': 'Bank Transfer', 'status': 'PAID'}",2026-02-01 11:02:00,
ORD000429,,C0036,P004,,1490.0,0.0,Web,02/02/2026 17:59,3.0,0%,Smart Home Model 04,Smart Home,1490.0,Y,ลูกค้า 036,customer036@example.com,กทม.,2024-10-26,PAY000429,"{'method': 'PromptPay', 'status': 'PAID'}",2026-02-02 20:32:00,
ORD000430,,C0112,P037,,25900.0,0.0,Mobile App,19/02/2026 16:43,4.0,10%,Smart Home Model 37,Smart Home,25900.0,Y,ลูกค้า 112,customer112@example.com,กรุงเทพมหานคร,2025-11-24,PAY000430,"{'method': 'Bank Transfer', 'status': 'FAILED'}",2026-02-19 17:12:00,
ORD000431,,C0017,P019,,3790.5,0.0,Marketplace,05/02/2026 17:40,1.0,10%,Smartphone Model 19,Smartphone,3990.0,Y,ลูกค้า 017, customer017@example.com ,กรุงเทพมหานคร,2024-08-15,PAY000431,"{'method': 'Credit Card', 'status': 'PAID'}",2026-02-05 18:01:00,
ORD000432,,C0119,P025,,25900.0,0.0,Marketplace,04/02/2026 04:23,4.0,0%,Accessory Model 25,Accessory,25900.0,Y,ลูกค้า 119, customer119@example.com ,ขอนแก่น,2024-12-12,PAY000432,"{'method': 'PromptPay', 'status': 'PAID'}",2026-02-04 06:56:00,
ORD000433,,C0043,P009,,284.05,0.0,Mobile App,11/02/2026 22:26,2.0,5%,Notebook Model 09,Notebook,299.0,Y,ลูกค้า 043,customer043@example.com,ระยอง,2024-12-29,PAY000433,"{'method': 'Bank Transfer', 'status': 'PAID'}",2026-02-11 23:59:00,
ORD000434,,C0114,P025,,25900.0,0.0,Mobile App,23/02/2026 16:44,1.0,10%,Accessory Model 25,Accessory,25900.0,Y,ลูกค้า 114,customer114@example.com,Chiang Mai,2025-04-05,PAY000434,"{'method': 'Bank Transfer', 'status': 'PAID'}",2026-02-23 19:04:00,
ORD000435,,C0130,P010,,891.0,0.0,Mobile App,13/02/2026 04:16,2.0,5%,Smart Home Model 10,Smart Home,990.0,Y,ลูกค้า 130,customer130@example.com,ภูเก็ต,2025-09-18,PAY000435,"{'method': 'PromptPay', 'status': 'PAID'}",2026-02-13 06:40:00,
ORD000436,,C0154,P009,,299.0,0.0,Marketplace,20/02/2026 09:07,1.0,10%,Notebook Model 09,Notebook,299.0,Y,ลูกค้า 154,customer154@example.com,เชียงใหม่,2024-04-12,PAY000436,"{'method': 'Bank Transfer', 'status': 'REFUNDED'}",2026-02-20 11:55:00,
ORD000437,,C0059,P014,,990.0,0.0,Web,24/02/2026 08:52,2.0,0%,Notebook Model 14,Notebook,990.0,Y,ลูกค้า 059,customer059@example.com,Rayong,2024-11-06,PAY000437,"{'method': 'PromptPay', 'status': 'PAID'}",2026-02-24 11:51:00,
ORD000438,,C0106,P035,,27195.0,0.0,Mobile App,03/02/2026 17:34,4.0,0%,Accessory Model 35,Accessory,25900.0,Y,ลูกค้า 106,customer106@example.com,Phuket,2024-02-13,PAY000438,"{'method': 'Credit Card', 'status': 'REFUNDED'}",2026-02-03 19:53:00,
ORD000439,,C0112,P002,,1564.5,0.0,Mobile App,20/02/2026 02:29,3.0,0%,Smartphone Model 02,Smartphone,1490.0,Y,ลูกค้า 112,customer112@example.com,กรุงเทพมหานคร,2025-11-24,PAY000439,"{'method': 'Credit Card', 'status': 'PAID'}",2026-02-20 05:19:00,
ORD000440,,C0063,P008,,449.1,0.0,Web,22/02/2026 17:06,2.0,0%,Accessory Model 08,Accessory,499.0,Y,ลูกค้า 063,customer063@example.com,Rayong,2024-08-07,PAY000440,"{'method': 'Credit Card', 'status': 'PAID'}",2026-02-22 18:29:00,
ORD000441,,C0032,P024,,299.0,0.0,Mobile App,22/02/2026 07:08,1.0,0%,Accessory Model 24,Accessory,299.0,Y,ลูกค้า 032,customer032@example.com,ระยอง,2024-11-22,PAY000441,"{'method': 'Bank Transfer', 'status': 'PAID'}",2026-02-22 07:12:00,
ORD000442,,C0105,P010,,1039.5,0.0,Marketplace,23/02/2026 13:16,1.0,10%,Smart Home Model 10,Smart Home,990.0,Y,ลูกค้า 105,customer105@example.com,ภูเก็ต,2024-08-14,PAY000442,"{'method': 'PromptPay', 'status': 'PAID'}",2026-02-23 14:37:00,
ORD000443,,C0117,P003,,24605.0,0.0,Web,19/02/2026 19:44,4.0,0%,Smartphone Model 03,Smartphone,25900.0,Y,ลูกค้า 117,customer117@example.com,ชลบุรี,2024-05-19,PAY000443,"{'method': 'PromptPay', 'status': 'PAID'}",2026-02-19 19:47:00,
ORD000444,,C0030,P030,,499.0,0.0,Marketplace,12/02/2026 16:42,3.0,0%,Smartphone Model 30,Smartphone,499.0,Y,ลูกค้า 030,customer030@example.com,ชลบุรี,2024-07-04,PAY000444,"{'method': 'PromptPay', 'status': 'PAID'}",2026-02-12 17:48:00,
ORD000445,,C0054,P025,,24605.0,0.0,Mobile App,10/02/2026 13:38,1.0,0%,Accessory Model 25,Accessory,25900.0,Y,ลูกค้า 054,customer054@example.com,Bangkok,2025-01-14,PAY000445,"{'method': 'Bank Transfer', 'status': 'PAID'}",2026-02-10 14:36:00,
ORD000446,,C0062,P012,,990.0,0.0,Mobile App,09/02/2026 12:07,1.0,0%,Accessory Model 12,Accessory,990.0,Y,ลูกค้า 062,customer062@example.com,ระยอง,2025-03-14,PAY000446,"{'method': 'Bank Transfer', 'status': 'PAID'}",2026-02-09 13:35:00,
ORD000447,,C0085,P024,,313.95,0.0,Mobile App,24/02/2026 03:42,1.0,0%,Accessory Model 24,Accessory,299.0,Y,ลูกค้า 085, customer085@example.com ,Bangkok,2024-11-20,PAY000447,"{'method': 'PromptPay', 'status': 'PAID'}",2026-02-24 03:49:00,
ORD000448,,C0096,P004,,1341.0,0.0,Web,15/02/2026 13:01,2.0,5%,Smart Home Model 04,Smart Home,1490.0,Y,ลูกค้า 096,customer096@example.com,กรุงเทพมหานคร,2025-12-01,PAY000448,"{'method': 'PromptPay', 'status': 'PAID'}",2026-02-15 15:20:00,
ORD000449,,C0038,P031,,1341.0,0.0,Web,27/02/2026 08:06,3.0,0%,Smart Home Model 31,Smart Home,1490.0,Y,ลูกค้า 038,customer038@example.com,ชลบุรี,2024-05-25,PAY000449,"{'method': 'Credit Card', 'status': 'PAID'}",2026-02-27 08:23:00,
ORD000450,,C0037,P011,,25900.0,0.0,Marketplace,08/02/2026 18:36,1.0,0%,Accessory Model 11,Accessory,25900.0,Y,ลูกค้า 037,customer037@example.com,ภูเก็ต,2025-07-06,PAY000450,"{'method': 'Credit Card', 'status': 'PAID'}",2026-02-08 20:03:00,
ORD000451,,C0028,P032,,27195.0,0.0,Marketplace,15/02/2026 01:08,4.0,5%,Notebook Model 32,Notebook,25900.0,Y,ลูกค้า 028,customer028@example.com,ขอนเเก่น,2025-08-20,PAY000451,"{'method': 'Bank Transfer', 'status': 'PAID'}",2026-02-15 03:31:00,
ORD000452,,C0022,P005,,299.0,0.0,Mobile App,12/02/2026 08:11,4.0,0%,Smartphone Model 05,Smartphone,299.0,Y,ลูกค้า 022,customer022@example.com,Bangkok,2025-07-21,PAY000452,"{'method': 'Credit Card', 'status': 'PAID'}",2026-02-12 11:02:00,
ORD000453,,C0105,P040,,3990.0,0.0,Web,02/02/2026 03:17,3.0,5%,Accessory Model 40,Accessory,3990.0,N,ลูกค้า 105,customer105@example.com,ภูเก็ต,2024-08-14,PAY000453,"{'method': 'PromptPay', 'status': 'PAID'}",2026-02-02 05:28:00,
ORD000454,,C0087,P011,,27195.0,0.0,Mobile App,17/02/2026 21:52,1.0,5%,Accessory Model 11,Accessory,25900.0,Y,ลูกค้า 087,,กรุงเทพมหานคร,2024-11-28,PAY000454,"{'method': 'Bank Transfer', 'status': 'PAID'}",2026-02-17 23:01:00,
ORD000455,,C0052,P022,,523.95,0.0,Web,16/02/2026 21:58,3.0,0%,Accessory Model 22,Accessory,499.0,Y,ลูกค้า 052,customer052@example.com,ระยอง,2025-10-20,PAY000455,"{'method': 'Credit Card', 'status': 'REFUNDED'}",2026-02-16 22:02:00,
ORD000456,,C0155,P039,,990.0,0.0,Web,19/02/2026 18:32,3.0,10%,Notebook Model 39,Notebook,990.0,N,ลูกค้า 155,customer155@example.com,Chiang Mai,2025-01-16,PAY000456,"{'method': 'Bank Transfer', 'status': 'PAID'}",2026-02-19 19:21:00,
ORD000457,,C0164,P032,,25900.0,0.0,Marketplace,10/02/2026 13:06,1.0,10%,Notebook Model 32,Notebook,25900.0,Y,,,,,PAY000457,"{'method': 'PromptPay', 'status': 'PAID'}",2026-02-10 13:18:00,
ORD000458,,C0097,P040,,3790.5,0.0,Web,12/02/2026 13:21,3.0,0%,Accessory Model 40,Accessory,3990.0,N,ลูกค้า 097,customer097@example.com,Chiang Mai,2024-03-11,PAY000458,"{'method': 'Bank Transfer', 'status': 'REFUNDED'}",2026-02-12 14:59:00,
ORD000459,,C0070,P036,,299.0,0.0,Mobile App,24/02/2026 08:54,3.0,10%,Notebook Model 36,Notebook,299.0,Y,ลูกค้า 070,customer070@example.com,เชียงใหม่,2025-11-15,PAY000459,"{'method': 'Credit Card', 'status': 'FAILED'}",2026-02-24 11:23:00,
ORD000460,,C0040,P011,,27195.0,0.0,Mobile App,17/02/2026 04:59,3.0,0%,Accessory Model 11,Accessory,25900.0,Y,ลูกค้า 040,customer040@example.com,กรุงเทพมหานคร,2025-05-29,PAY000460,"{'method': 'Bank Transfer', 'status': 'PAID'}",2026-02-17 05:29:00,
ORD000461,,C0143,P015,,299.0,0.0,Mobile App,12/02/2026 00:01,2.0,10%,Notebook Model 15,Notebook,299.0,Y,ลูกค้า 143,customer143@example.com,เชียงใหม่,2025-01-04,PAY000461,"{'method': 'PromptPay', 'status': 'PAID'}",2026-02-12 01:41:00,
ORD000462,,C0077,P003,,25900.0,0.0,Mobile App,28/02/2026 03:21,2.0,5%,Smartphone Model 03,Smartphone,25900.0,Y,ลูกค้า 077,customer077@example.com,Chiang Mai,2024-10-22,PAY000462,"{'method': 'Bank Transfer', 'status': 'PAID'}",2026-02-28 03:51:00,
ORD000463,,C0062,P030,,523.95,0.0,Marketplace,20/02/2026 13:20,4.0,0%,Smartphone Model 30,Smartphone,499.0,Y,ลูกค้า 062,customer062@example.com,ระยอง,2025-03-14,PAY000463,"{'method': 'PromptPay', 'status': 'PAID'}",2026-02-20 14:06:00,
ORD000464,,C0161,P017,,1039.5,0.0,Web,21/02/2026 08:29,1.0,10%,Smartphone Model 17,Smartphone,990.0,Y,,,,,PAY000464,"{'method': 'PromptPay', 'status': 'PAID'}",2026-02-21 09:32:00,
ORD000465,,C0002,P011,,27195.0,0.0,Mobile App,12/02/2026 07:50,1.0,10%,Accessory Model 11,Accessory,25900.0,Y,ลูกค้า 002,customer002@example.com,Chonburi,2025-01-04,PAY000465,"{'method': 'PromptPay', 'status': 'PAID'}",2026-02-12 09:18:00,
ORD000466,,C0044,P004,,1341.0,0.0,Mobile App,17/02/2026 18:53,1.0,0%,Smart Home Model 04,Smart Home,1490.0,Y,ลูกค้า 044,customer044@example.com,กรุงเทพมหานคร,2025-02-26,PAY000466,"{'method': 'Bank Transfer', 'status': 'PAID'}",2026-02-17 19:26:00,
ORD000467,,C0117,P017,,990.0,0.0,Mobile App,26/02/2026 11:09,4.0,10%,Smartphone Model 17,Smartphone,990.0,Y,ลูกค้า 117,customer117@example.com,ชลบุรี,2024-05-19,PAY000467,"{'method': 'PromptPay', 'status': 'PAID'}",2026-02-26 13:26:00,
ORD000468,,C0125,P008,,449.1,0.0,Mobile App,15/02/2026 08:18,1.0,0%,Accessory Model 08,Accessory,499.0,Y,ลูกค้า 125,customer125@example.com,Chiang Mai,2025-07-08,PAY000468,"{'method': 'Credit Card', 'status': 'FAILED'}",2026-02-15 09:00:00,
ORD000469,,C0033,P004,,1415.5,0.0,Marketplace,20/02/2026 23:00,4.0,5%,Smart Home Model 04,Smart Home,1490.0,Y,ลูกค้า 033,customer033@example.com,ระยอง,2024-11-11,PAY000469,"{'method': 'Bank Transfer', 'status': 'PAID'}",2026-02-21 00:18:00,
ORD000470,,C0076,P004,,1415.5,0.0,Mobile App,21/02/2026 21:44,2.0,0%,Smart Home Model 04,Smart Home,1490.0,Y,ลูกค้า 076,customer076@example.com,Rayong,2025-04-04,PAY000470,"{'method': 'Credit Card', 'status': 'PAID'}",2026-02-22 00:16:00,
ORD000471,,C0068,P032,,27195.0,0.0,Web,13/02/2026 13:59,4.0,0%,Notebook Model 32,Notebook,25900.0,Y,ลูกค้า 068, customer068@example.com ,ขอนเเก่น,2024-09-06,PAY000471,"{'method': 'PromptPay', 'status': 'PAID'}",2026-02-13 14:43:00,
ORD000472,,C0155,P017,,1039.5,0.0,Mobile App,06/02/2026 07:32,2.0,10%,Smartphone Model 17,Smartphone,990.0,Y,ลูกค้า 155,customer155@example.com,Chiang Mai,2025-01-16,PAY000472,"{'method': 'Credit Card', 'status': 'PAID'}",2026-02-06 09:03:00,
ORD000473,,C0059,P005,,299.0,0.0,Marketplace,06/02/2026 17:53,1.0,0%,Smartphone Model 05,Smartphone,299.0,Y,ลูกค้า 059,customer059@example.com,Rayong,2024-11-06,PAY000473,"{'method': 'Credit Card', 'status': 'PAID'}",2026-02-06 19:42:00,
ORD000474,,C0008,P019,,4189.5,0.0,Web,05/02/2026 22:44,1.0,0%,Smartphone Model 19,Smartphone,3990.0,Y,ลูกค้า 008,customer008@example.com,ขอนแก่น,2025-05-27,PAY000474,"{'method': 'PromptPay', 'status': 'PAID'}",2026-02-05 23:58:00,
ORD000475,,C0085,P018,,3790.5,0.0,Web,15/02/2026 05:43,2.0,0%,Smartphone Model 18,Smartphone,3990.0,Y,ลูกค้า 085, customer085@example.com ,Bangkok,2024-11-20,PAY000475,"{'method': 'Credit Card', 'status': 'PAID'}",2026-02-15 07:58:00,
ORD000476,,C0006,P018,,4189.5,0.0,Mobile App,10/02/2026 18:54,1.0,0%,Smartphone Model 18,Smartphone,3990.0,Y,ลูกค้า 006,customer006@example.com,ระยอง,2024-07-13,PAY000476,"{'method': 'PromptPay', 'status': 'PAID'}",2026-02-10 21:18:00,
ORD000477,,C0092,P031,,1341.0,0.0,Marketplace,28/02/2026 08:44,3.0,0%,Smart Home Model 31,Smart Home,1490.0,Y,ลูกค้า 092,customer092@example.com,กทม.,2024-09-26,PAY000477,"{'method': 'Credit Card', 'status': 'PAID'}",2026-02-28 11:14:00,
ORD000478,,C0097,P038,,12900.0,0.0,Web,18/02/2026 15:30,4.0,0%,Smartphone Model 38,Smartphone,12900.0,N,ลูกค้า 097,customer097@example.com,Chiang Mai,2024-03-11,PAY000478,"{'method': 'Credit Card', 'status': 'PAID'}",2026-02-18 15:59:00,
ORD000479,,C0013,P009,,269.1,0.0,Mobile App,22/02/2026 17:01,1.0,0%,Notebook Model 09,Notebook,299.0,Y,ลูกค้า 013,customer013@example.com,Chiang Mai,2024-04-18,PAY000479,"{'method': 'Credit Card', 'status': 'PAID'}",2026-02-22 17:26:00,
ORD000480,,C0029,P018,,3790.5,0.0,Mobile App,16/02/2026 08:07,1.0,0%,Smartphone Model 18,Smartphone,3990.0,Y,ลูกค้า 029,,ขอนแก่น,2025-05-28,PAY000480,"{'method': 'Credit Card', 'status': 'PAID'}",2026-02-16 09:11:00,
ORD000481,,C0052,P034,,299.0,0.0,Web,25/02/2026 14:58,1.0,0%,Accessory Model 34,Accessory,299.0,Y,ลูกค้า 052,customer052@example.com,ระยอง,2025-10-20,PAY000481,"{'method': 'PromptPay', 'status': 'PAID'}",2026-02-25 17:06:00,
ORD000482,,C0036,P038,,13545.0,0.0,Web,28/02/2026 09:31,1.0,0%,Smartphone Model 38,Smartphone,12900.0,N,ลูกค้า 036,customer036@example.com,กทม.,2024-10-26,PAY000482,"{'method': 'Credit Card', 'status': 'PAID'}",2026-02-28 10:00:00,
ORD000483,,C0010,P037,,25900.0,0.0,Marketplace,04/02/2026 18:05,2.0,0%,Smart Home Model 37,Smart Home,25900.0,Y,ลูกค้า 010,customer010@example.com,ชลบุรี,2024-02-04,PAY000483,"{'method': 'PromptPay', 'status': 'PAID'}",2026-02-04 19:05:00,
ORD000484,,C0048,P016,,1564.5,0.0,Marketplace,01/02/2026 01:38,1.0,0%,Accessory Model 16,Accessory,1490.0,Y,ลูกค้า 048,customer048@example.com,กทม.,2024-09-09,PAY000484,"{'method': 'Bank Transfer', 'status': 'PAID'}",2026-02-01 02:25:00,
ORD000485,,C0095,P017,,891.0,0.0,Web,23/02/2026 04:34,4.0,0%,Smartphone Model 17,Smartphone,990.0,Y,ลูกค้า 095,customer095@example.com,ระยอง,2024-09-29,PAY000485,"{'method': 'PromptPay', 'status': 'PAID'}",2026-02-23 05:43:00,
ORD000486,,C0141,P021,,23310.0,0.0,Mobile App,02/02/2026 16:24,2.0,0%,Smart Home Model 21,Smart Home,25900.0,Y,ลูกค้า 141,customer141@example.com,Bangkok,2025-07-05,PAY000486,"{'method': 'Credit Card', 'status': 'FAILED'}",2026-02-02 17:25:00,
ORD000487,,C0092,P010,,990.0,0.0,Mobile App,03/02/2026 22:11,1.0,0%,Smart Home Model 10,Smart Home,990.0,Y,ลูกค้า 092,customer092@example.com,กทม.,2024-09-26,PAY000487,"{'method': 'PromptPay', 'status': 'PAID'}",2026-02-03 23:18:00,
ORD000488,,C0073,P037,,27195.0,0.0,Web,21/02/2026 22:27,4.0,0%,Smart Home Model 37,Smart Home,25900.0,Y,ลูกค้า 073,customer073@example.com,ขอนเเก่น,2024-04-27,PAY000488,"{'method': 'Credit Card', 'status': 'FAILED'}",2026-02-22 00:35:00,
ORD000489,,C0103,P010,,990.0,0.0,Web,21/02/2026 22:56,1.0,0%,Smart Home Model 10,Smart Home,990.0,Y,ลูกค้า 103,customer103@example.com,ขอนแก่น,2025-09-28,PAY000489,"{'method': 'PromptPay', 'status': 'PAID'}",2026-02-21 23:12:00,
ORD000490,,C0067,P028,,299.0,0.0,Web,05/02/2026 06:12,1.0,0%,Smartphone Model 28,Smartphone,299.0,Y,ลูกค้า 067,customer067@example.com,ชลบุรี,2024-08-13,PAY000490,"{'method': 'PromptPay', 'status': 'PAID'}",2026-02-05 09:10:00,
ORD000491,,C0090,P026,,12255.0,0.0,Web,03/02/2026 19:24,1.0,5%,Smart Home Model 26,Smart Home,12900.0,Y,ลูกค้า 090,customer090@example.com,เชียงใหม่,2024-09-18,PAY000491,"{'method': 'PromptPay', 'status': 'FAILED'}",2026-02-03 21:22:00,
ORD000492,,C0105,P014,,990.0,0.0,Marketplace,18/02/2026 23:25,1.0,0%,Notebook Model 14,Notebook,990.0,Y,ลูกค้า 105,customer105@example.com,ภูเก็ต,2024-08-14,PAY000492,"{'method': 'PromptPay', 'status': 'PAID'}",2026-02-19 01:29:00,
ORD000493,,C0140,P022,,499.0,0.0,Web,24/02/2026 06:43,4.0,0%,Accessory Model 22,Accessory,499.0,Y,ลูกค้า 140,customer140@example.com,ภูเก็ต,2025-05-08,PAY000493,"{'method': 'Bank Transfer', 'status': 'PAID'}",2026-02-24 08:59:00,
ORD000494,,C0091,P025,,24605.0,0.0,Marketplace,21/02/2026 18:46,1.0,0%,Accessory Model 25,Accessory,25900.0,Y,ลูกค้า 091,customer091@example.com,ชลบุรี,2025-04-16,PAY000494,"{'method': 'Bank Transfer', 'status': 'PAID'}",2026-02-21 20:31:00,
ORD000495,,C0016,P016,,1490.0,0.0,Web,01/02/2026 10:05,2.0,5%,Accessory Model 16,Accessory,1490.0,Y,ลูกค้า 016,customer016@example.com,Chonburi,2024-08-21,PAY000495,"{'method': 'Bank Transfer', 'status': 'PAID'}",2026-02-01 12:28:00,
ORD000496,,C0007,P022,,499.0,0.0,Web,08/02/2026 04:50,4.0,10%,Accessory Model 22,Accessory,499.0,Y,ลูกค้า 007,customer007@example.com,Bangkok,2025-09-27,PAY000496,"{'method': 'Credit Card', 'status': 'PAID'}",2026-02-08 06:57:00,
ORD000497,,C0138,P028,,269.1,0.0,Marketplace,24/02/2026 17:26,1.0,10%,Smartphone Model 28,Smartphone,299.0,Y,ลูกค้า 138,customer138@example.com,กทม.,2025-06-20,PAY000497,"{'method': 'PromptPay', 'status': 'FAILED'}",2026-02-24 19:35:00,
ORD000498,,C0047,P003,,24605.0,0.0,Marketplace,06/02/2026 11:28,2.0,0%,Smartphone Model 03,Smartphone,25900.0,Y,ลูกค้า 047,customer047@example.com,Rayong,2025-10-16,PAY000498,"{'method': 'Credit Card', 'status': 'PAID'}",2026-02-06 12:55:00,
ORD000499,,C0157,P024,,269.1,0.0,Mobile App,07/02/2026 15:12,1.0,0%,Accessory Model 24,Accessory,299.0,Y,ลูกค้า 157,customer157@example.com,ระยอง,2025-10-29,PAY000499,"{'method': 'Credit Card', 'status': 'PAID'}",2026-02-07 18:08:00,
ORD000500,,C0106,P031,,1490.0,0.0,Web,12/02/2026 10:25,4.0,10%,Smart Home Model 31,Smart Home,1490.0,Y,ลูกค้า 106,customer106@example.com,Phuket,2024-02-13,PAY000500,"{'method': 'PromptPay', 'status': 'FAILED'}",2026-02-12 12:58:00,
ORD000501,,C0024,P001,,284.05,0.0,Marketplace,27/02/2026 02:25,1.0,0%,Notebook Model 01,Notebook,299.0,Y,ลูกค้า 024,customer024@example.com,กรุงเทพมหานคร,2025-10-12,PAY000501,"{'method': 'Credit Card', 'status': 'PAID'}",2026-02-27 03:05:00,
ORD000502,,C0013,P040,,3591.0,0.0,Mobile App,19/02/2026 12:08,1.0,10%,Accessory Model 40,Accessory,3990.0,N,ลูกค้า 013,customer013@example.com,Chiang Mai,2024-04-18,PAY000502,"{'method': 'PromptPay', 'status': 'PAID'}",2026-02-19 13:32:00,
ORD000503,,C0022,P030,,474.05,0.0,Mobile App,10/02/2026 11:55,4.0,0%,Smartphone Model 30,Smartphone,499.0,Y,ลูกค้า 022,customer022@example.com,Bangkok,2025-07-21,PAY000503,"{'method': 'Credit Card', 'status': 'PAID'}",2026-02-10 13:59:00,
ORD000504,,C0091,P005,,313.95,0.0,Mobile App,18/02/2026 05:44,2.0,0%,Smartphone Model 05,Smartphone,299.0,Y,ลูกค้า 091,customer091@example.com,ชลบุรี,2025-04-16,PAY000504,"{'method': 'Bank Transfer', 'status': 'PAID'}",2026-02-18 08:14:00,
ORD000505,,C0148,P031,,1341.0,0.0,Web,02/02/2026 01:42,1.0,0%,Smart Home Model 31,Smart Home,1490.0,Y,ลูกค้า 148,customer148@example.com,Chiang Mai,2025-07-20,PAY000505,"{'method': 'PromptPay', 'status': 'PAID'}",2026-02-02 04:01:00,
ORD000506,,C0153,P007,,27195.0,0.0,Mobile App,19/02/2026 13:26,2.0,0%,Notebook Model 07,Notebook,25900.0,Y,ลูกค้า 153, customer153@example.com ,ขอนเเก่น,2024-03-20,PAY000506,"{'method': 'PromptPay', 'status': 'PAID'}",2026-02-19 15:34:00,
ORD000507,,C0126,P011,,25900.0,0.0,Web,24/02/2026 12:52,1.0,0%,Accessory Model 11,Accessory,25900.0,Y,ลูกค้า 126,customer126@example.com,เชียงใหม่,2025-03-31,PAY000507,"{'method': 'PromptPay', 'status': 'PAID'}",2026-02-24 12:54:00,
ORD000508,,C0129,P009,,299.0,0.0,Mobile App,20/02/2026 22:36,3.0,0%,Notebook Model 09,Notebook,299.0,Y,ลูกค้า 129,customer129@example.com,กทม.,2025-06-03,PAY000508,"{'method': 'Bank Transfer', 'status': 'PAID'}",2026-02-21 01:11:00,
ORD000509,,C0162,P029,,3591.0,0.0,Marketplace,18/02/2026 03:24,4.0,0%,Notebook Model 29,Notebook,3990.0,Y,,,,,PAY000509,"{'method': 'PromptPay', 'status': 'PAID'}",2026-02-18 04:13:00,
ORD000510,,C0153,P010,,1039.5,0.0,Web,10/02/2026 22:52,4.0,0%,Smart Home Model 10,Smart Home,990.0,Y,ลูกค้า 153, customer153@example.com ,ขอนเเก่น,2024-03-20,PAY000510,"{'method': 'PromptPay', 'status': 'PAID'}",2026-02-10 23:17:00,
ORD000511,,C0106,P031,,1490.0,0.0,Web,24/02/2026 16:52,1.0,10%,Smart Home Model 31,Smart Home,1490.0,Y,ลูกค้า 106,customer106@example.com,Phuket,2024-02-13,PAY000511,"{'method': 'Bank Transfer', 'status': 'PAID'}",2026-02-24 17:18:00,
ORD000512,,C0036,P017,,1039.5,0.0,Mobile App,10/02/2026 17:11,4.0,5%,Smartphone Model 17,Smartphone,990.0,Y,ลูกค้า 036,customer036@example.com,กทม.,2024-10-26,PAY000512,"{'method': 'Credit Card', 'status': 'PAID'}",2026-02-10 18:03:00,
ORD000513,,C0012,P022,,474.05,0.0,Web,25/02/2026 01:56,1.0,0%,Accessory Model 22,Accessory,499.0,Y,ลูกค้า 012,customer012@example.com,ขอนเเก่น,2025-11-17,PAY000513,"{'method': 'Bank Transfer', 'status': 'PAID'}",2026-02-25 02:57:00,
ORD000514,,C0028,P023,,313.95,0.0,Web,03/02/2026 09:09,3.0,5%,Accessory Model 23,Accessory,299.0,Y,ลูกค้า 028,customer028@example.com,ขอนเเก่น,2025-08-20,PAY000514,"{'method': 'Credit Card', 'status': 'PAID'}",2026-02-03 10:51:00,
ORD000515,,C0030,P012,,990.0,0.0,Web,02/02/2026 13:51,3.0,10%,Accessory Model 12,Accessory,990.0,Y,ลูกค้า 030,customer030@example.com,ชลบุรี,2024-07-04,PAY000515,"{'method': 'Bank Transfer', 'status': 'PAID'}",2026-02-02 16:29:00,
ORD000516,,C0047,P002,,1341.0,0.0,Mobile App,11/02/2026 03:07,2.0,10%,Smartphone Model 02,Smartphone,1490.0,Y,ลูกค้า 047,customer047@example.com,Rayong,2025-10-16,PAY000516,"{'method': 'PromptPay', 'status': 'PAID'}",2026-02-11 04:55:00,
ORD000517,,C0029,P003,,25900.0,0.0,Marketplace,01/02/2026 04:57,3.0,0%,Smartphone Model 03,Smartphone,25900.0,Y,ลูกค้า 029,,ขอนแก่น,2025-05-28,PAY000517,"{'method': 'PromptPay', 'status': 'PAID'}",2026-02-01 07:07:00,
ORD000518,,C0110,P015,,299.0,0.0,Marketplace,05/02/2026 13:30,1.0,0%,Notebook Model 15,Notebook,299.0,Y,ลูกค้า 110,customer110@example.com,Chiang Mai,2025-11-25,PAY000518,"{'method': 'Credit Card', 'status': 'PAID'}",2026-02-05 14:49:00,
ORD000519,,C0012,P033,,12900.0,0.0,Mobile App,26/02/2026 04:26,1.0,0%,Smart Home Model 33,Smart Home,12900.0,Y,ลูกค้า 012,customer012@example.com,ขอนเเก่น,2025-11-17,PAY000519,"{'method': 'Bank Transfer', 'status': 'PAID'}",2026-02-26 06:37:00,
ORD000520,,C0114,P037,,23310.0,0.0,Marketplace,06/02/2026 15:46,1.0,10%,Smart Home Model 37,Smart Home,25900.0,Y,ลูกค้า 114,customer114@example.com,Chiang Mai,2025-04-05,PAY000520,"{'method': 'Bank Transfer', 'status': 'PAID'}",2026-02-06 18:04:00,
ORD000521,,C0020,P017,,990.0,0.0,Marketplace,08/02/2026 11:24,1.0,0%,Smartphone Model 17,Smartphone,990.0,Y,ลูกค้า 020,customer020@example.com,ขอนแก่น,2025-10-31,PAY000521,"{'method': 'PromptPay', 'status': 'PAID'}",2026-02-08 11:39:00,
ORD000522,,C0159,P002,,1490.0,0.0,Mobile App,03/02/2026 16:16,2.0,10%,Smartphone Model 02,Smartphone,1490.0,Y,ลูกค้า 159,customer159@example.com,Phuket,2025-08-26,PAY000522,"{'method': 'Bank Transfer', 'status': 'PAID'}",2026-02-03 18:43:00,
ORD000523,,C0077,P032,,25900.0,0.0,Marketplace,13/02/2026 06:28,2.0,5%,Notebook Model 32,Notebook,25900.0,Y,ลูกค้า 077,customer077@example.com,Chiang Mai,2024-10-22,PAY000523,"{'method': 'Bank Transfer', 'status': 'PAID'}",2026-02-13 07:08:00,
ORD000524,,C0140,P011,,25900.0,0.0,Mobile App,21/02/2026 20:40,1.0,5%,Accessory Model 11,Accessory,25900.0,Y,ลูกค้า 140,customer140@example.com,ภูเก็ต,2025-05-08,PAY000524,"{'method': 'PromptPay', 'status': 'PAID'}",2026-02-21 21:30:00,
ORD000525,,C0124,P040,,3990.0,0.0,Marketplace,06/02/2026 05:17,1.0,0%,Accessory Model 40,Accessory,3990.0,N,ลูกค้า 124,customer124@example.com,กรุงเทพมหานคร,2025-08-06,PAY000525,"{'method': 'Credit Card', 'status': 'PAID'}",2026-02-06 07:54:00,
ORD000526,,C0140,P007,,25900.0,0.0,Web,23/02/2026 05:53,1.0,0%,Notebook Model 07,Notebook,25900.0,Y,ลูกค้า 140,customer140@example.com,ภูเก็ต,2025-05-08,PAY000526,"{'method': 'Bank Transfer', 'status': 'PAID'}",2026-02-23 07:06:00,
ORD000527,,C0154,P036,,313.95,0.0,Mobile App,27/02/2026 01:27,3.0,10%,Notebook Model 36,Notebook,299.0,Y,ลูกค้า 154,customer154@example.com,เชียงใหม่,2024-04-12,PAY000527,"{'method': 'Bank Transfer', 'status': 'FAILED'}",2026-02-27 02:07:00,
ORD000528,,C0118,P030,,499.0,0.0,Marketplace,12/02/2026 17:29,2.0,5%,Smartphone Model 30,Smartphone,499.0,Y,ลูกค้า 118,customer118@example.com,Rayong,2024-07-23,PAY000528,"{'method': 'Credit Card', 'status': 'PAID'}",2026-02-12 17:43:00,
ORD000529,,C0071,P039,,1039.5,0.0,Web,18/02/2026 00:14,2.0,5%,Notebook Model 39,Notebook,990.0,N,ลูกค้า 071,customer071@example.com,ชลบุรี,2024-03-26,PAY000529,"{'method': 'Bank Transfer', 'status': 'PAID'}",2026-02-18 03:14:00,
ORD000530,,C0023,P036,,299.0,0.0,Marketplace,06/02/2026 08:19,1.0,0%,Notebook Model 36,Notebook,299.0,Y,ลูกค้า 023,customer023@example.com,กรุงเทพมหานคร,2024-10-21,PAY000530,"{'method': 'PromptPay', 'status': 'PAID'}",2026-02-06 09:06:00,
ORD000531,,C0009,P035,,25900.0,0.0,Marketplace,28/02/2026 13:46,1.0,10%,Accessory Model 35,Accessory,25900.0,Y,ลูกค้า 009,customer009@example.com,Phuket,2024-09-06,PAY000531,"{'method': 'Bank Transfer', 'status': 'PAID'}",2026-02-28 15:31:00,
ORD000532,,C0135,P020,,499.0,0.0,Mobile App,09/02/2026 23:58,1.0,0%,Smart Home Model 20,Smart Home,499.0,Y,ลูกค้า 135,customer135@example.com,กรุงเทพมหานคร,2024-08-01,PAY000532,"{'method': 'Bank Transfer', 'status': 'FAILED'}",2026-02-10 02:08:00,
ORD000533,,C0117,P035,,25900.0,0.0,Mobile App,25/02/2026 22:30,2.0,10%,Accessory Model 35,Accessory,25900.0,Y,ลูกค้า 117,customer117@example.com,ชลบุรี,2024-05-19,PAY000533,"{'method': 'Bank Transfer', 'status': 'PAID'}",2026-02-26 00:07:00,
ORD000534,,C0134,P015,,313.95,0.0,Marketplace,17/02/2026 15:31,1.0,0%,Notebook Model 15,Notebook,299.0,Y,ลูกค้า 134,customer134@example.com,Phuket,2025-08-29,PAY000534,"{'method': 'Bank Transfer', 'status': 'PAID'}",2026-02-17 16:22:00,
ORD000535,,C0068,P018,,3790.5,0.0,Mobile App,05/02/2026 23:37,1.0,10%,Smartphone Model 18,Smartphone,3990.0,Y,ลูกค้า 068, customer068@example.com ,ขอนเเก่น,2024-09-06,PAY000535,"{'method': 'Credit Card', 'status': 'PAID'}",2026-02-06 02:27:00,
ORD000536,,C0015,P013,,499.0,0.0,Mobile App,03/02/2026 06:33,2.0,0%,Smart Home Model 13,Smart Home,499.0,Y,ลูกค้า 015,customer015@example.com,ภูเก็ต,2025-09-02,PAY000536,"{'method': 'Credit Card', 'status': 'PAID'}",2026-02-03 07:43:00,
ORD000537,,C0073,P031,,1490.0,0.0,Web,16/02/2026 23:58,1.0,5%,Smart Home Model 31,Smart Home,1490.0,Y,ลูกค้า 073,customer073@example.com,ขอนเเก่น,2024-04-27,PAY000537,"{'method': 'Credit Card', 'status': 'PAID'}",2026-02-17 01:55:00,
ORD000538,,C0133,P015,,269.1,0.0,Mobile App,20/02/2026 19:01,3.0,10%,Notebook Model 15,Notebook,299.0,Y,ลูกค้า 133,customer133@example.com,ภูเก็ต,2024-09-19,PAY000538,"{'method': 'Bank Transfer', 'status': 'PAID'}",2026-02-20 20:34:00,
ORD000539,,C0003,P001,,284.05,0.0,Marketplace,23/02/2026 19:29,1.0,0%,Notebook Model 01,Notebook,299.0,Y,ลูกค้า 003,customer003@example.com,ขอนแก่น,2025-10-10,PAY000539,"{'method': 'Bank Transfer', 'status': 'PAID'}",2026-02-23 20:24:00,
ORD000540,,C0017,P029,,3790.5,0.0,Marketplace,14/02/2026 08:20,1.0,10%,Notebook Model 29,Notebook,3990.0,Y,ลูกค้า 017, customer017@example.com ,กรุงเทพมหานคร,2024-08-15,PAY000540,"{'method': 'Bank Transfer', 'status': 'PAID'}",2026-02-14 08:44:00,
ORD000541,,C0094,P030,,499.0,0.0,Web,10/02/2026 16:41,1.0,0%,Smartphone Model 30,Smartphone,499.0,Y,ลูกค้า 094,customer094@example.com,ขอนแก่น,2025-04-07,PAY000541,"{'method': 'PromptPay', 'status': 'PAID'}",2026-02-10 17:08:00,
ORD000542,,C0030,P021,,27195.0,0.0,Marketplace,15/02/2026 18:56,1.0,10%,Smart Home Model 21,Smart Home,25900.0,Y,ลูกค้า 030,customer030@example.com,ชลบุรี,2024-07-04,PAY000542,"{'method': 'Bank Transfer', 'status': 'PAID'}",2026-02-15 21:18:00,
ORD000543,,C0108,P022,,449.1,0.0,Web,23/02/2026 13:02,4.0,0%,Accessory Model 22,Accessory,499.0,Y,ลูกค้า 108,customer108@example.com,Chiang Mai,2025-02-16,PAY000543,"{'method': 'PromptPay', 'status': 'PAID'}",2026-02-23 15:46:00,
ORD000544,,C0125,P022,,499.0,0.0,Mobile App,21/02/2026 01:50,1.0,0%,Accessory Model 22,Accessory,499.0,Y,ลูกค้า 125,customer125@example.com,Chiang Mai,2025-07-08,PAY000544,"{'method': 'Bank Transfer', 'status': 'PAID'}",2026-02-21 01:59:00,
ORD000545,,C0148,P010,,990.0,0.0,Marketplace,15/02/2026 21:06,2.0,0%,Smart Home Model 10,Smart Home,990.0,Y,ลูกค้า 148,customer148@example.com,Chiang Mai,2025-07-20,PAY000545,"{'method': 'Bank Transfer', 'status': 'PAID'}",2026-02-15 23:59:00,
ORD000546,,C0004,P016,,1415.5,0.0,Marketplace,13/02/2026 10:01,1.0,0%,Accessory Model 16,Accessory,1490.0,Y,ลูกค้า 004,customer004@example.com,กรุงเทพมหานคร,2024-07-11,PAY000546,"{'method': 'Credit Card', 'status': 'PAID'}",2026-02-13 12:28:00,
ORD000547,,C0008,P039,,940.5,0.0,Web,08/02/2026 07:16,1.0,0%,Notebook Model 39,Notebook,990.0,N,ลูกค้า 008,customer008@example.com,ขอนแก่น,2025-05-27,PAY000547,"{'method': 'PromptPay', 'status': 'PAID'}",2026-02-08 09:07:00,
ORD000548,,C0121,P007,,24605.0,0.0,Mobile App,25/02/2026 01:20,1.0,0%,Notebook Model 07,Notebook,25900.0,Y,ลูกค้า 121,customer121@example.com,กรุงเทพมหานคร,2025-08-26,PAY000548,"{'method': 'Credit Card', 'status': 'PAID'}",2026-02-25 02:01:00,
ORD000549,,C0086,P004,,1490.0,0.0,Marketplace,17/02/2026 10:45,2.0,0%,Smart Home Model 04,Smart Home,1490.0,Y,ลูกค้า 086,customer086@example.com,Bangkok,2025-04-12,PAY000549,"{'method': 'PromptPay', 'status': 'FAILED'}",2026-02-17 12:26:00,
ORD000550,,C0164,P017,,990.0,0.0,Mobile App,13/02/2026 15:12,1.0,0%,Smartphone Model 17,Smartphone,990.0,Y,,,,,PAY000550,"{'method': 'Credit Card', 'status': 'PAID'}",2026-02-13 16:08:00,
ORD000551,,C0105,P005,,313.95,0.0,Marketplace,10/02/2026 16:42,2.0,10%,Smartphone Model 05,Smartphone,299.0,Y,ลูกค้า 105,customer105@example.com,ภูเก็ต,2024-08-14,PAY000551,"{'method': 'Credit Card', 'status': 'PAID'}",2026-02-10 17:37:00,
ORD000552,,C0066,P004,,1490.0,0.0,Web,06/02/2026 04:25,1.0,10%,Smart Home Model 04,Smart Home,1490.0,Y,ลูกค้า 066,customer066@example.com,ระยอง,2025-11-17,PAY000552,"{'method': 'Credit Card', 'status': 'PAID'}",2026-02-06 04:31:00,
ORD000553,,C0074,P028,,313.95,0.0,Marketplace,28/02/2026 22:02,2.0,5%,Smartphone Model 28,Smartphone,299.0,Y,ลูกค้า 074,customer074@example.com,ขอนแก่น,2025-09-21,PAY000553,"{'method': 'PromptPay', 'status': 'REFUNDED'}",2026-03-01 00:58:00,
ORD000554,,C0028,P010,,891.0,0.0,Marketplace,19/02/2026 09:59,1.0,10%,Smart Home Model 10,Smart Home,990.0,Y,ลูกค้า 028,customer028@example.com,ขอนเเก่น,2025-08-20,PAY000554,"{'method': 'PromptPay', 'status': 'PAID'}",2026-02-19 12:46:00,
ORD000555,,C0085,P007,,25900.0,0.0,Marketplace,05/02/2026 00:05,4.0,5%,Notebook Model 07,Notebook,25900.0,Y,ลูกค้า 085, customer085@example.com ,Bangkok,2024-11-20,PAY000555,"{'method': 'PromptPay', 'status': 'PAID'}",2026-02-05 00:49:00,
ORD000556,,C0004,P032,,23310.0,0.0,Marketplace,07/02/2026 07:32,2.0,0%,Notebook Model 32,Notebook,25900.0,Y,ลูกค้า 004,customer004@example.com,กรุงเทพมหานคร,2024-07-11,PAY000556,"{'method': 'PromptPay', 'status': 'PAID'}",2026-02-07 09:10:00,
ORD000557,,C0065,P025,,27195.0,0.0,Marketplace,06/02/2026 22:59,4.0,5%,Accessory Model 25,Accessory,25900.0,Y,ลูกค้า 065,customer065@example.com,ขอนแก่น,2024-06-15,PAY000557,"{'method': 'Credit Card', 'status': 'PAID'}",2026-02-07 01:48:00,
ORD000558,,C0052,P034,,313.95,0.0,Marketplace,17/02/2026 17:23,2.0,10%,Accessory Model 34,Accessory,299.0,Y,ลูกค้า 052,customer052@example.com,ระยอง,2025-10-20,PAY000558,"{'method': 'Credit Card', 'status': 'PAID'}",2026-02-17 18:58:00,
ORD000559,,C0123,P028,,269.1,0.0,Marketplace,26/02/2026 16:49,1.0,0%,Smartphone Model 28,Smartphone,299.0,Y,ลูกค้า 123,customer123@example.com,Rayong,2025-02-26,PAY000559,"{'method': 'PromptPay', 'status': 'PAID'}",2026-02-26 19:06:00,
ORD000560,,C0151,P005,,284.05,0.0,Mobile App,22/02/2026 20:33,4.0,0%,Smartphone Model 05,Smartphone,299.0,Y,ลูกค้า 151,customer151@example.com,Chonburi,2024-10-15,PAY000560,"{'method': 'PromptPay', 'status': 'PAID'}",2026-02-22 22:23:00,
ORD000561,,C0005,P014,,940.5,0.0,Mobile App,19/02/2026 10:31,1.0,10%,Notebook Model 14,Notebook,990.0,Y,ลูกค้า 005,customer005@example.com,ระยอง,2025-06-27,PAY000561,"{'method': 'PromptPay', 'status': 'PAID'}",2026-02-19 11:12:00,
ORD000562,,C0074,P019,,4189.5,0.0,Marketplace,28/02/2026 19:55,1.0,10%,Smartphone Model 19,Smartphone,3990.0,Y,ลูกค้า 074,customer074@example.com,ขอนแก่น,2025-09-21,PAY000562,"{'method': 'Credit Card', 'status': 'PAID'}",2026-02-28 19:58:00,
ORD000563,,C0125,P037,,23310.0,0.0,Marketplace,08/02/2026 03:06,4.0,0%,Smart Home Model 37,Smart Home,25900.0,Y,ลูกค้า 125,customer125@example.com,Chiang Mai,2025-07-08,PAY000563,"{'method': 'PromptPay', 'status': 'PAID'}",2026-02-08 06:03:00,
ORD000564,,C0147,P023,,299.0,0.0,Mobile App,18/02/2026 21:40,4.0,0%,Accessory Model 23,Accessory,299.0,Y,ลูกค้า 147,customer147@example.com,Chonburi,2024-08-13,PAY000564,"{'method': 'Bank Transfer', 'status': 'PAID'}",2026-02-18 22:15:00,
ORD000565,,C0132,P029,,3990.0,0.0,Web,03/02/2026 17:43,1.0,0%,Notebook Model 29,Notebook,3990.0,Y,ลูกค้า 132,customer132@example.com,Chonburi,2025-02-04,PAY000565,"{'method': 'Credit Card', 'status': 'PAID'}",2026-02-03 18:29:00,
ORD000566,,C0154,P020,,523.95,0.0,Marketplace,04/02/2026 22:02,3.0,0%,Smart Home Model 20,Smart Home,499.0,Y,ลูกค้า 154,customer154@example.com,เชียงใหม่,2024-04-12,PAY000566,"{'method': 'Bank Transfer', 'status': 'PAID'}",2026-02-05 00:53:00,
ORD000567,,C0059,P017,,990.0,0.0,Mobile App,09/02/2026 01:16,3.0,5%,Smartphone Model 17,Smartphone,990.0,Y,ลูกค้า 059,customer059@example.com,Rayong,2024-11-06,PAY000567,"{'method': 'Credit Card', 'status': 'PAID'}",2026-02-09 03:19:00,
ORD000568,,C0108,P008,,474.05,0.0,Web,08/02/2026 23:09,2.0,10%,Accessory Model 08,Accessory,499.0,Y,ลูกค้า 108,customer108@example.com,Chiang Mai,2025-02-16,PAY000568,"{'method': 'Credit Card', 'status': 'PAID'}",2026-02-09 01:35:00,
ORD000569,,C0113,P010,,891.0,0.0,Marketplace,19/02/2026 22:57,2.0,5%,Smart Home Model 10,Smart Home,990.0,Y,ลูกค้า 113,customer113@example.com,Rayong,2025-05-24,PAY000569,"{'method': 'Bank Transfer', 'status': 'PAID'}",2026-02-19 23:27:00,
ORD000570,,C0030,P014,,1039.5,0.0,Marketplace,01/02/2026 02:53,1.0,0%,Notebook Model 14,Notebook,990.0,Y,ลูกค้า 030,customer030@example.com,ชลบุรี,2024-07-04,PAY000570,"{'method': 'PromptPay', 'status': 'PAID'}",2026-02-01 04:22:00,
ORD000571,,C0040,P005,,299.0,0.0,Mobile App,10/02/2026 19:27,1.0,0%,Smartphone Model 05,Smartphone,299.0,Y,ลูกค้า 040,customer040@example.com,กรุงเทพมหานคร,2025-05-29,PAY000571,"{'method': 'Bank Transfer', 'status': 'PAID'}",2026-02-10 21:38:00,
ORD000572,,C0163,P020,,499.0,0.0,Web,04/02/2026 19:41,2.0,5%,Smart Home Model 20,Smart Home,499.0,Y,,,,,PAY000572,"{'method': 'PromptPay', 'status': 'PAID'}",2026-02-04 21:06:00,
ORD000573,,C0115,P040,,3591.0,0.0,Marketplace,25/02/2026 19:17,3.0,5%,Accessory Model 40,Accessory,3990.0,N,ลูกค้า 115,customer115@example.com,Rayong,2024-02-01,PAY000573,"{'method': 'PromptPay', 'status': 'FAILED'}",2026-02-25 21:11:00,
ORD000574,,C0010,P022,,499.0,0.0,Mobile App,03/02/2026 11:10,3.0,0%,Accessory Model 22,Accessory,499.0,Y,ลูกค้า 010,customer010@example.com,ชลบุรี,2024-02-04,PAY000574,"{'method': 'Bank Transfer', 'status': 'PAID'}",2026-02-03 11:32:00,
ORD000575,,C0154,P015,,284.05,0.0,Marketplace,22/02/2026 06:29,3.0,0%,Notebook Model 15,Notebook,299.0,Y,ลูกค้า 154,customer154@example.com,เชียงใหม่,2024-04-12,PAY000575,"{'method': 'Bank Transfer', 'status': 'PAID'}",2026-02-22 07:41:00,
ORD000576,,C0014,P003,,27195.0,0.0,Mobile App,27/02/2026 01:43,2.0,0%,Smartphone Model 03,Smartphone,25900.0,Y,ลูกค้า 014,customer014@example.com,ขอนเเก่น,2025-02-15,PAY000576,"{'method': 'PromptPay', 'status': 'PAID'}",2026-02-27 02:04:00,
ORD000577,,C0030,P020,,449.1,0.0,Mobile App,28/02/2026 21:05,1.0,0%,Smart Home Model 20,Smart Home,499.0,Y,ลูกค้า 030,customer030@example.com,ชลบุรี,2024-07-04,PAY000577,"{'method': 'Bank Transfer', 'status': 'PAID'}",2026-02-28 22:47:00,
ORD000578,,C0039,P003,,23310.0,0.0,Marketplace,09/02/2026 03:11,4.0,5%,Smartphone Model 03,Smartphone,25900.0,Y,ลูกค้า 039,customer039@example.com,กรุงเทพมหานคร,2025-07-17,PAY000578,"{'method': 'PromptPay', 'status': 'PAID'}",2026-02-09 05:17:00,
ORD000579,,C0086,P001,,269.1,0.0,Mobile App,08/02/2026 06:46,2.0,0%,Notebook Model 01,Notebook,299.0,Y,ลูกค้า 086,customer086@example.com,Bangkok,2025-04-12,PAY000579,"{'method': 'Credit Card', 'status': 'PAID'}",2026-02-08 08:16:00,
ORD000580,,C0110,P033,,11610.0,0.0,Web,26/02/2026 23:03,2.0,0%,Smart Home Model 33,Smart Home,12900.0,Y,ลูกค้า 110,customer110@example.com,Chiang Mai,2025-11-25,PAY000580,"{'method': 'Bank Transfer', 'status': 'PAID'}",2026-02-26 23:54:00,
ORD000581,,C0036,P017,,990.0,0.0,Marketplace,19/02/2026 23:30,2.0,5%,Smartphone Model 17,Smartphone,990.0,Y,ลูกค้า 036,customer036@example.com,กทม.,2024-10-26,PAY000581,"{'method': 'Credit Card', 'status': 'PAID'}",2026-02-20 00:05:00,
ORD000582,,C0134,P016,,1415.5,0.0,Mobile App,06/02/2026 04:51,2.0,0%,Accessory Model 16,Accessory,1490.0,Y,ลูกค้า 134,customer134@example.com,Phuket,2025-08-29,PAY000582,"{'method': 'PromptPay', 'status': 'PAID'}",2026-02-06 07:43:00,
ORD000583,,C0025,P032,,27195.0,0.0,Web,19/02/2026 14:04,2.0,0%,Notebook Model 32,Notebook,25900.0,Y,ลูกค้า 025,customer025@example.com,ชลบุรี,2024-11-26,PAY000583,"{'method': 'PromptPay', 'status': 'PAID'}",2026-02-19 14:16:00,
ORD000584,,C0039,P027,,25900.0,0.0,Marketplace,18/02/2026 20:32,3.0,10%,Smartphone Model 27,Smartphone,25900.0,Y,ลูกค้า 039,customer039@example.com,กรุงเทพมหานคร,2025-07-17,PAY000584,"{'method': 'PromptPay', 'status': 'PAID'}",2026-02-18 21:27:00,
ORD000585,,C0028,P028,,299.0,0.0,Web,23/02/2026 05:34,2.0,10%,Smartphone Model 28,Smartphone,299.0,Y,ลูกค้า 028,customer028@example.com,ขอนเเก่น,2025-08-20,PAY000585,"{'method': 'Bank Transfer', 'status': 'PAID'}",2026-02-23 06:15:00,
ORD000586,,C0133,P017,,891.0,0.0,Mobile App,25/02/2026 15:32,4.0,0%,Smartphone Model 17,Smartphone,990.0,Y,ลูกค้า 133,customer133@example.com,ภูเก็ต,2024-09-19,PAY000586,"{'method': 'PromptPay', 'status': 'PAID'}",2026-02-25 15:50:00,
ORD000587,,C0153,P015,,299.0,0.0,Mobile App,27/02/2026 14:35,1.0,10%,Notebook Model 15,Notebook,299.0,Y,ลูกค้า 153, customer153@example.com ,ขอนเเก่น,2024-03-20,PAY000587,"{'method': 'Credit Card', 'status': 'PAID'}",2026-02-27 15:37:00,
ORD000588,,C0038,P032,,23310.0,0.0,Mobile App,10/02/2026 23:33,1.0,0%,Notebook Model 32,Notebook,25900.0,Y,ลูกค้า 038,customer038@example.com,ชลบุรี,2024-05-25,PAY000588,"{'method': 'PromptPay', 'status': 'PAID'}",2026-02-11 01:52:00,
ORD000589,,C0031,P038,,12255.0,0.0,Mobile App,28/02/2026 02:47,1.0,0%,Smartphone Model 38,Smartphone,12900.0,N,ลูกค้า 031,customer031@example.com,Bangkok,2025-07-21,PAY000589,"{'method': 'Credit Card', 'status': 'PAID'}",2026-02-28 03:15:00,
ORD000590,,C0139,P021,,23310.0,0.0,Marketplace,27/02/2026 17:19,1.0,0%,Smart Home Model 21,Smart Home,25900.0,Y,ลูกค้า 139,customer139@example.com,ระยอง,2024-07-19,PAY000590,"{'method': 'Bank Transfer', 'status': 'PAID'}",2026-02-27 17:53:00,
ORD000591,,C0039,P017,,990.0,0.0,Marketplace,14/02/2026 09:53,1.0,0%,Smartphone Model 17,Smartphone,990.0,Y,ลูกค้า 039,customer039@example.com,กรุงเทพมหานคร,2025-07-17,PAY000591,"{'method': 'PromptPay', 'status': 'PAID'}",2026-02-14 11:09:00,
ORD000592,,C0094,P011,,27195.0,0.0,Marketplace,14/02/2026 17:35,2.0,0%,Accessory Model 11,Accessory,25900.0,Y,ลูกค้า 094,customer094@example.com,ขอนแก่น,2025-04-07,PAY000592,"{'method': 'Bank Transfer', 'status': 'PAID'}",2026-02-14 17:48:00,
ORD000593,,C0110,P009,,299.0,0.0,Web,13/02/2026 02:48,2.0,0%,Notebook Model 09,Notebook,299.0,Y,ลูกค้า 110,customer110@example.com,Chiang Mai,2025-11-25,PAY000593,"{'method': 'Credit Card', 'status': 'PAID'}",2026-02-13 05:11:00,
ORD000594,,C0101,P005,,299.0,0.0,Marketplace,10/02/2026 13:19,1.0,0%,Smartphone Model 05,Smartphone,299.0,Y,ลูกค้า 101,customer101@example.com,ภูเก็ต,2024-06-20,PAY000594,"{'method': 'PromptPay', 'status': 'PAID'}",2026-02-10 13:28:00,
ORD000595,,C0036,P038,,12900.0,0.0,Web,06/02/2026 15:57,2.0,0%,Smartphone Model 38,Smartphone,12900.0,N,ลูกค้า 036,customer036@example.com,กทม.,2024-10-26,PAY000595,"{'method': 'Credit Card', 'status': 'REFUNDED'}",2026-02-06 17:18:00,
ORD000596,,C0025,P013,,474.05,0.0,Web,12/02/2026 21:25,2.0,5%,Smart Home Model 13,Smart Home,499.0,Y,ลูกค้า 025,customer025@example.com,ชลบุรี,2024-11-26,PAY000596,"{'method': 'PromptPay', 'status': 'PAID'}",2026-02-13 00:02:00,
ORD000597,,C0091,P022,,499.0,0.0,Marketplace,02/02/2026 14:46,1.0,5%,Accessory Model 22,Accessory,499.0,Y,ลูกค้า 091,customer091@example.com,ชลบุรี,2025-04-16,PAY000597,"{'method': 'Credit Card', 'status': 'PAID'}",2026-02-02 16:50:00,
ORD000598,,C0082,P038,,13545.0,0.0,Marketplace,13/02/2026 05:42,1.0,0%,Smartphone Model 38,Smartphone,12900.0,N,ลูกค้า 082,customer082@example.com,กรุงเทพมหานคร,2024-07-05,PAY000598,"{'method': 'Bank Transfer', 'status': 'PAID'}",2026-02-13 07:41:00,
ORD000599,,C0068,P022,,523.95,0.0,Marketplace,13/02/2026 09:16,2.0,0%,Accessory Model 22,Accessory,499.0,Y,ลูกค้า 068, customer068@example.com ,ขอนเเก่น,2024-09-06,PAY000599,"{'method': 'PromptPay', 'status': 'REFUNDED'}",2026-02-13 11:03:00,
ORD000600,,C0096,P014,,990.0,0.0,Web,22/02/2026 18:07,2.0,5%,Notebook Model 14,Notebook,990.0,Y,ลูกค้า 096,customer096@example.com,กรุงเทพมหานคร,2025-12-01,PAY000600,"{'method': 'Credit Card', 'status': 'PAID'}",2026-02-22 19:47:00,
ORD000601,,C0149,P037,,24605.0,0.0,Mobile App,03/02/2026 10:36,2.0,0%,Smart Home Model 37,Smart Home,25900.0,Y,ลูกค้า 149,customer149@example.com,ขอนเเก่น,2024-07-01,PAY000601,"{'method': 'Credit Card', 'status': 'PAID'}",2026-02-03 12:47:00,
ORD000602,,C0124,P025,,24605.0,0.0,Mobile App,10/02/2026 17:55,1.0,0%,Accessory Model 25,Accessory,25900.0,Y,ลูกค้า 124,customer124@example.com,กรุงเทพมหานคร,2025-08-06,PAY000602,"{'method': 'Credit Card', 'status': 'PAID'}",2026-02-10 19:16:00,
ORD000603,,C0048,P027,,27195.0,0.0,Web,23/02/2026 09:04,1.0,0%,Smartphone Model 27,Smartphone,25900.0,Y,ลูกค้า 048,customer048@example.com,กทม.,2024-09-09,PAY000603,"{'method': 'PromptPay', 'status': 'PAID'}",2026-02-23 09:59:00,
ORD000604,,C0137,P025,,25900.0,0.0,Web,20/02/2026 19:17,2.0,10%,Accessory Model 25,Accessory,25900.0,Y,ลูกค้า 137,customer137@example.com,Phuket,2025-01-23,PAY000604,"{'method': 'Credit Card', 'status': 'PAID'}",2026-02-20 21:46:00,
ORD000605,,C0095,P001,,269.1,0.0,Mobile App,09/02/2026 09:07,2.0,5%,Notebook Model 01,Notebook,299.0,Y,ลูกค้า 095,customer095@example.com,ระยอง,2024-09-29,PAY000605,"{'method': 'PromptPay', 'status': 'PAID'}",2026-02-09 10:44:00,
ORD000606,,C0132,P039,,891.0,0.0,Marketplace,24/02/2026 08:24,2.0,5%,Notebook Model 39,Notebook,990.0,N,ลูกค้า 132,customer132@example.com,Chonburi,2025-02-04,PAY000606,"{'method': 'Credit Card', 'status': 'PAID'}",2026-02-24 11:10:00,
ORD000607,,C0146,P008,,523.95,0.0,Marketplace,19/02/2026 00:57,4.0,5%,Accessory Model 08,Accessory,499.0,Y,ลูกค้า 146,customer146@example.com,กทม.,2025-05-19,PAY000607,"{'method': 'Credit Card', 'status': 'FAILED'}",2026-02-19 01:41:00,
ORD000608,,C0082,P035,,27195.0,0.0,Marketplace,21/02/2026 21:51,2.0,10%,Accessory Model 35,Accessory,25900.0,Y,ลูกค้า 082,customer082@example.com,กรุงเทพมหานคร,2024-07-05,PAY000608,"{'method': 'PromptPay', 'status': 'PAID'}",2026-02-22 00:51:00,
ORD000609,,C0122,P014,,1039.5,0.0,Web,09/02/2026 00:21,4.0,0%,Notebook Model 14,Notebook,990.0,Y,ลูกค้า 122,customer122@example.com,ขอนแก่น,2025-01-18,PAY000609,"{'method': 'PromptPay', 'status': 'PAID'}",2026-02-09 02:10:00,
ORD000610,,C0141,P006,,299.0,0.0,Mobile App,17/02/2026 22:24,1.0,5%,Accessory Model 06,Accessory,299.0,Y,ลูกค้า 141,customer141@example.com,Bangkok,2025-07-05,PAY000610,"{'method': 'PromptPay', 'status': 'PAID'}",2026-02-17 23:24:00,
ORD000611,,C0063,P035,,25900.0,0.0,Mobile App,11/02/2026 09:32,1.0,0%,Accessory Model 35,Accessory,25900.0,Y,ลูกค้า 063,customer063@example.com,Rayong,2024-08-07,PAY000611,"{'method': 'Bank Transfer', 'status': 'PAID'}",2026-02-11 10:58:00,
ORD000612,,C0139,P002,,1341.0,0.0,Marketplace,14/02/2026 05:20,1.0,0%,Smartphone Model 02,Smartphone,1490.0,Y,ลูกค้า 139,customer139@example.com,ระยอง,2024-07-19,PAY000612,"{'method': 'Bank Transfer', 'status': 'PAID'}",2026-02-14 06:02:00,
ORD000613,,C0082,P013,,449.1,0.0,Marketplace,21/02/2026 20:52,3.0,0%,Smart Home Model 13,Smart Home,499.0,Y,ลูกค้า 082,customer082@example.com,กรุงเทพมหานคร,2024-07-05,PAY000613,"{'method': 'Credit Card', 'status': 'PAID'}",2026-02-21 21:50:00,
ORD000614,,C0163,P035,,25900.0,0.0,Marketplace,01/02/2026 21:40,2.0,5%,Accessory Model 35,Accessory,25900.0,Y,,,,,PAY000614,"{'method': 'Bank Transfer', 'status': 'PAID'}",2026-02-01 22:26:00,
ORD000615,,C0136,P003,,24605.0,0.0,Mobile App,27/02/2026 07:01,4.0,5%,Smartphone Model 03,Smartphone,25900.0,Y,ลูกค้า 136, customer136@example.com ,ระยอง,2024-06-23,PAY000615,"{'method': 'Credit Card', 'status': 'PAID'}",2026-02-27 08:15:00,
ORD000616,,C0144,P040,,3990.0,0.0,Marketplace,01/02/2026 10:24,2.0,0%,Accessory Model 40,Accessory,3990.0,N,ลูกค้า 144,customer144@example.com,ภูเก็ต,2025-04-02,PAY000616,"{'method': 'Credit Card', 'status': 'PAID'}",2026-02-01 10:58:00,
ORD000617,,C0008,P017,,891.0,0.0,Marketplace,25/02/2026 15:46,2.0,10%,Smartphone Model 17,Smartphone,990.0,Y,ลูกค้า 008,customer008@example.com,ขอนแก่น,2025-05-27,PAY000617,"{'method': 'PromptPay', 'status': 'PAID'}",2026-02-25 17:01:00,
ORD000618,,C0100,P004,,1415.5,0.0,Marketplace,24/02/2026 20:02,1.0,0%,Smart Home Model 04,Smart Home,1490.0,Y,ลูกค้า 100,customer100@example.com,กรุงเทพมหานคร,2025-04-14,PAY000618,"{'method': 'Bank Transfer', 'status': 'PAID'}",2026-02-24 22:35:00,
ORD000619,,C0126,P012,,990.0,0.0,Marketplace,09/02/2026 12:09,1.0,10%,Accessory Model 12,Accessory,990.0,Y,ลูกค้า 126,customer126@example.com,เชียงใหม่,2025-03-31,PAY000619,"{'method': 'Bank Transfer', 'status': 'PAID'}",2026-02-09 14:23:00,
ORD000620,,C0020,P003,,27195.0,0.0,Marketplace,27/02/2026 03:47,2.0,0%,Smartphone Model 03,Smartphone,25900.0,Y,ลูกค้า 020,customer020@example.com,ขอนแก่น,2025-10-31,PAY000620,"{'method': 'PromptPay', 'status': 'PAID'}",2026-02-27 04:26:00,
ORD000621,,C0017,P031,,1341.0,0.0,Mobile App,17/02/2026 12:32,2.0,10%,Smart Home Model 31,Smart Home,1490.0,Y,ลูกค้า 017, customer017@example.com ,กรุงเทพมหานคร,2024-08-15,PAY000621,"{'method': 'Bank Transfer', 'status': 'FAILED'}",2026-02-17 14:25:00,
ORD000622,,C0100,P001,,299.0,0.0,Web,26/02/2026 00:13,3.0,0%,Notebook Model 01,Notebook,299.0,Y,ลูกค้า 100,customer100@example.com,กรุงเทพมหานคร,2025-04-14,PAY000622,"{'method': 'PromptPay', 'status': 'PAID'}",2026-02-26 03:04:00,
ORD000623,,C0151,P017,,940.5,0.0,Web,14/02/2026 06:18,1.0,0%,Smartphone Model 17,Smartphone,990.0,Y,ลูกค้า 151,customer151@example.com,Chonburi,2024-10-15,PAY000623,"{'method': 'Bank Transfer', 'status': 'PAID'}",2026-02-14 09:10:00,
ORD000624,,C0120,P038,,11610.0,0.0,Web,11/02/2026 05:25,1.0,0%,Smartphone Model 38,Smartphone,12900.0,N,ลูกค้า 120,customer120@example.com,ขอนแก่น,2025-09-17,PAY000624,"{'method': 'PromptPay', 'status': 'PAID'}",2026-02-11 05:37:00,
ORD000625,,C0065,P026,,11610.0,0.0,Web,10/02/2026 10:36,2.0,5%,Smart Home Model 26,Smart Home,12900.0,Y,ลูกค้า 065,customer065@example.com,ขอนแก่น,2024-06-15,PAY000625,"{'method': 'PromptPay', 'status': 'PAID'}",2026-02-10 11:20:00,
ORD000626,,C0047,P010,,1039.5,0.0,Mobile App,17/02/2026 05:04,3.0,5%,Smart Home Model 10,Smart Home,990.0,Y,ลูกค้า 047,customer047@example.com,Rayong,2025-10-16,PAY000626,"{'method': 'Credit Card', 'status': 'PAID'}",2026-02-17 06:19:00,
ORD000627,,C0068,P013,,474.05,0.0,Marketplace,15/02/2026 14:31,1.0,10%,Smart Home Model 13,Smart Home,499.0,Y,ลูกค้า 068, customer068@example.com ,ขอนเเก่น,2024-09-06,PAY000627,"{'method': 'Bank Transfer', 'status': 'PAID'}",2026-02-15 15:42:00,
ORD000628,,C0137,P010,,990.0,0.0,Mobile App,13/02/2026 21:25,3.0,0%,Smart Home Model 10,Smart Home,990.0,Y,ลูกค้า 137,customer137@example.com,Phuket,2025-01-23,PAY000628,"{'method': 'Credit Card', 'status': 'PAID'}",2026-02-13 22:24:00,
ORD000629,,C0086,P036,,284.05,0.0,Mobile App,10/02/2026 18:31,2.0,0%,Notebook Model 36,Notebook,299.0,Y,ลูกค้า 086,customer086@example.com,Bangkok,2025-04-12,PAY000629,"{'method': 'Bank Transfer', 'status': 'PAID'}",2026-02-10 20:55:00,
ORD000630,,C0040,P022,,499.0,0.0,Mobile App,06/02/2026 04:23,3.0,0%,Accessory Model 22,Accessory,499.0,Y,ลูกค้า 040,customer040@example.com,กรุงเทพมหานคร,2025-05-29,PAY000630,"{'method': 'Credit Card', 'status': 'PAID'}",2026-02-06 04:47:00,
ORD000631,,C0032,P040,,3790.5,0.0,Mobile App,04/02/2026 11:25,1.0,0%,Accessory Model 40,Accessory,3990.0,N,ลูกค้า 032,customer032@example.com,ระยอง,2024-11-22,PAY000631,"{'method': 'Credit Card', 'status': 'REFUNDED'}",2026-02-04 11:38:00,
ORD000632,,C0014,P004,,1564.5,0.0,Marketplace,21/02/2026 11:31,4.0,5%,Smart Home Model 04,Smart Home,1490.0,Y,ลูกค้า 014,customer014@example.com,ขอนเเก่น,2025-02-15,PAY000632,"{'method': 'Credit Card', 'status': 'PAID'}",2026-02-21 14:12:00,
ORD000633,,C0130,P014,,940.5,0.0,Web,05/02/2026 21:07,1.0,0%,Notebook Model 14,Notebook,990.0,Y,ลูกค้า 130,customer130@example.com,ภูเก็ต,2025-09-18,PAY000633,"{'method': 'PromptPay', 'status': 'PAID'}",2026-02-05 21:19:00,
ORD000634,,C0023,P025,,25900.0,0.0,Marketplace,12/02/2026 10:16,3.0,5%,Accessory Model 25,Accessory,25900.0,Y,ลูกค้า 023,customer023@example.com,กรุงเทพมหานคร,2024-10-21,PAY000634,"{'method': 'PromptPay', 'status': 'PAID'}",2026-02-12 11:16:00,
ORD000635,,C0028,P006,,313.95,0.0,Marketplace,21/02/2026 15:49,3.0,0%,Accessory Model 06,Accessory,299.0,Y,ลูกค้า 028,customer028@example.com,ขอนเเก่น,2025-08-20,PAY000635,"{'method': 'Bank Transfer', 'status': 'PAID'}",2026-02-21 17:58:00,
ORD000636,,C0071,P013,,499.0,0.0,Web,21/02/2026 07:26,1.0,10%,Smart Home Model 13,Smart Home,499.0,Y,ลูกค้า 071,customer071@example.com,ชลบุรี,2024-03-26,PAY000636,"{'method': 'Bank Transfer', 'status': 'PAID'}",2026-02-21 10:21:00,
ORD000637,,C0041,P015,,299.0,0.0,Marketplace,04/02/2026 08:39,1.0,0%,Notebook Model 15,Notebook,299.0,Y,ลูกค้า 041,customer041@example.com,Rayong,2024-02-25,PAY000637,"{'method': 'Bank Transfer', 'status': 'PAID'}",2026-02-04 09:15:00,
ORD000638,,C0012,P012,,990.0,0.0,Mobile App,03/02/2026 23:38,4.0,0%,Accessory Model 12,Accessory,990.0,Y,ลูกค้า 012,customer012@example.com,ขอนเเก่น,2025-11-17,PAY000638,"{'method': 'PromptPay', 'status': 'PAID'}",2026-02-04 01:43:00,
ORD000639,,C0017,P007,,27195.0,0.0,Web,02/02/2026 17:17,4.0,0%,Notebook Model 07,Notebook,25900.0,Y,ลูกค้า 017, customer017@example.com ,กรุงเทพมหานคร,2024-08-15,PAY000639,"{'method': 'Credit Card', 'status': 'PAID'}",2026-02-02 17:30:00,
ORD000640,,C0027,P002,,1490.0,0.0,Web,28/02/2026 14:41,2.0,10%,Smartphone Model 02,Smartphone,1490.0,Y,ลูกค้า 027,customer027@example.com,Bangkok,2024-09-15,PAY000640,"{'method': 'PromptPay', 'status': 'PAID'}",2026-02-28 17:35:00,
ORD000641,,C0086,P023,,269.1,0.0,Marketplace,16/02/2026 20:20,3.0,0%,Accessory Model 23,Accessory,299.0,Y,ลูกค้า 086,customer086@example.com,Bangkok,2025-04-12,PAY000641,"{'method': 'PromptPay', 'status': 'PAID'}",2026-02-16 21:16:00,
ORD000642,,C0047,P001,,269.1,0.0,Mobile App,12/02/2026 09:47,1.0,5%,Notebook Model 01,Notebook,299.0,Y,ลูกค้า 047,customer047@example.com,Rayong,2025-10-16,PAY000642,"{'method': 'Credit Card', 'status': 'PAID'}",2026-02-12 10:21:00,
ORD000643,,C0087,P026,,12255.0,0.0,Marketplace,16/02/2026 00:40,1.0,0%,Smart Home Model 26,Smart Home,12900.0,Y,ลูกค้า 087,,กรุงเทพมหานคร,2024-11-28,PAY000643,"{'method': 'Credit Card', 'status': 'PAID'}",2026-02-16 00:44:00,
ORD000644,,C0112,P014,,990.0,0.0,Web,06/02/2026 08:04,2.0,10%,Notebook Model 14,Notebook,990.0,Y,ลูกค้า 112,customer112@example.com,กรุงเทพมหานคร,2025-11-24,PAY000644,"{'method': 'Credit Card', 'status': 'PAID'}",2026-02-06 10:59:00,
ORD000645,,C0017,P029,,3990.0,0.0,Web,27/02/2026 00:09,2.0,5%,Notebook Model 29,Notebook,3990.0,Y,ลูกค้า 017, customer017@example.com ,กรุงเทพมหานคร,2024-08-15,PAY000645,"{'method': 'Bank Transfer', 'status': 'PAID'}",2026-02-27 02:28:00,
ORD000646,,C0136,P001,,269.1,0.0,Mobile App,08/02/2026 12:53,1.0,0%,Notebook Model 01,Notebook,299.0,Y,ลูกค้า 136, customer136@example.com ,ระยอง,2024-06-23,PAY000646,"{'method': 'Bank Transfer', 'status': 'PAID'}",2026-02-08 13:48:00,
ORD000647,,C0071,P024,,313.95,0.0,Marketplace,26/02/2026 20:49,2.0,5%,Accessory Model 24,Accessory,299.0,Y,ลูกค้า 071,customer071@example.com,ชลบุรี,2024-03-26,PAY000647,"{'method': 'PromptPay', 'status': 'PAID'}",2026-02-26 23:26:00,
ORD000648,,C0078,P012,,990.0,0.0,Mobile App,19/02/2026 14:29,2.0,0%,Accessory Model 12,Accessory,990.0,Y,ลูกค้า 078,customer078@example.com,Rayong,2025-01-27,PAY000648,"{'method': 'Bank Transfer', 'status': 'PAID'}",2026-02-19 16:30:00,
ORD000649,,C0090,P001,,269.1,0.0,Web,10/02/2026 11:21,2.0,10%,Notebook Model 01,Notebook,299.0,Y,ลูกค้า 090,customer090@example.com,เชียงใหม่,2024-09-18,PAY000649,"{'method': 'Credit Card', 'status': 'PAID'}",2026-02-10 12:17:00,
ORD000650,,C0080,P003,,25900.0,0.0,Mobile App,17/02/2026 19:43,2.0,0%,Smartphone Model 03,Smartphone,25900.0,Y,ลูกค้า 080,customer080@example.com,ขอนแก่น,2024-01-04,PAY000650,"{'method': 'Bank Transfer', 'status': 'PAID'}",2026-02-17 21:07:00,
ORD000651,,C0104,P039,,940.5,0.0,Web,06/02/2026 13:24,1.0,10%,Notebook Model 39,Notebook,990.0,N,ลูกค้า 104,customer104@example.com,ระยอง,2025-05-17,PAY000651,"{'method': 'PromptPay', 'status': 'PAID'}",2026-02-06 13:31:00,
ORD000652,,C0034,P008,,499.0,0.0,Web,11/02/2026 02:58,2.0,0%,Accessory Model 08,Accessory,499.0,Y,ลูกค้า 034, customer034@example.com ,Phuket,2025-04-19,PAY000652,"{'method': 'Credit Card', 'status': 'PAID'}",2026-02-11 03:34:00,
ORD000653,,C0120,P003,,27195.0,0.0,Marketplace,18/02/2026 19:13,3.0,0%,Smartphone Model 03,Smartphone,25900.0,Y,ลูกค้า 120,customer120@example.com,ขอนแก่น,2025-09-17,PAY000653,"{'method': 'Credit Card', 'status': 'PAID'}",2026-02-18 21:12:00,
ORD000654,,C0142,P027,,25900.0,0.0,Web,09/02/2026 04:48,2.0,0%,Smartphone Model 27,Smartphone,25900.0,Y,ลูกค้า 142,customer142@example.com,Chonburi,2025-10-22,PAY000654,"{'method': 'Bank Transfer', 'status': 'FAILED'}",2026-02-09 06:49:00,
ORD000655,,C0085,P037,,25900.0,0.0,Web,14/02/2026 06:50,1.0,0%,Smart Home Model 37,Smart Home,25900.0,Y,ลูกค้า 085, customer085@example.com ,Bangkok,2024-11-20,PAY000655,"{'method': 'Bank Transfer', 'status': 'PAID'}",2026-02-14 08:20:00,
ORD000656,,C0007,P011,,24605.0,0.0,Web,26/02/2026 21:00,4.0,0%,Accessory Model 11,Accessory,25900.0,Y,ลูกค้า 007,customer007@example.com,Bangkok,2025-09-27,PAY000656,"{'method': 'Bank Transfer', 'status': 'PAID'}",2026-02-26 23:17:00,
ORD000657,,C0064,P033,,12900.0,0.0,Mobile App,02/02/2026 21:06,4.0,0%,Smart Home Model 33,Smart Home,12900.0,Y,ลูกค้า 064,customer064@example.com,ขอนแก่น,2025-09-12,PAY000657,"{'method': 'PromptPay', 'status': 'PAID'}",2026-02-02 23:18:00,
ORD000658,,C0154,P008,,499.0,0.0,Web,18/02/2026 19:31,3.0,0%,Accessory Model 08,Accessory,499.0,Y,ลูกค้า 154,customer154@example.com,เชียงใหม่,2024-04-12,PAY000658,"{'method': 'Bank Transfer', 'status': 'PAID'}",2026-02-18 19:32:00,
ORD000659,,C0165,P033,,11610.0,0.0,Marketplace,04/02/2026 22:21,2.0,0%,Smart Home Model 33,Smart Home,12900.0,Y,,,,,PAY000659,"{'method': 'PromptPay', 'status': 'PAID'}",2026-02-05 00:50:00,
ORD000660,,C0081,P012,,891.0,0.0,Marketplace,01/02/2026 21:46,2.0,0%,Accessory Model 12,Accessory,990.0,Y,ลูกค้า 081,customer081@example.com,ขอนแก่น,2025-02-21,PAY000660,"{'method': 'PromptPay', 'status': 'PAID'}",2026-02-01 22:31:00,
ORD000661,,C0161,P024,,313.95,0.0,Marketplace,17/02/2026 12:59,1.0,0%,Accessory Model 24,Accessory,299.0,Y,,,,,PAY000661,"{'method': 'Bank Transfer', 'status': 'PAID'}",2026-02-17 13:48:00,
ORD000662,,C0001,P031,,1415.5,0.0,Marketplace,18/02/2026 23:53,2.0,10%,Smart Home Model 31,Smart Home,1490.0,Y,ลูกค้า 001,customer001@example.com,ชลบุรี,2024-07-29,PAY000662,"{'method': 'Bank Transfer', 'status': 'PAID'}",2026-02-19 00:05:00,
ORD000663,,C0098,P020,,449.1,0.0,Mobile App,03/02/2026 04:45,1.0,5%,Smart Home Model 20,Smart Home,499.0,Y,ลูกค้า 098,customer098@example.com,เชียงใหม่,2025-05-17,PAY000663,"{'method': 'PromptPay', 'status': 'PAID'}",2026-02-03 07:18:00,
ORD000664,,C0054,P029,,4189.5,0.0,Marketplace,21/02/2026 00:03,1.0,10%,Notebook Model 29,Notebook,3990.0,Y,ลูกค้า 054,customer054@example.com,Bangkok,2025-01-14,PAY000664,"{'method': 'Bank Transfer', 'status': 'PAID'}",2026-02-21 01:11:00,
ORD000665,,C0072,P013,,474.05,0.0,Mobile App,14/02/2026 14:26,4.0,10%,Smart Home Model 13,Smart Home,499.0,Y,ลูกค้า 072,customer072@example.com,เชียงใหม่,2024-04-28,PAY000665,"{'method': 'Bank Transfer', 'status': 'PAID'}",2026-02-14 15:08:00,
ORD000666,,C0011,P016,,1564.5,0.0,Marketplace,10/02/2026 02:24,1.0,0%,Accessory Model 16,Accessory,1490.0,Y,ลูกค้า 011,customer011@example.com,Chonburi,2024-06-14,PAY000666,"{'method': 'Bank Transfer', 'status': 'PAID'}",2026-02-10 04:56:00,
ORD000667,,C0162,P010,,940.5,0.0,Marketplace,15/02/2026 06:14,3.0,5%,Smart Home Model 10,Smart Home,990.0,Y,,,,,PAY000667,"{'method': 'PromptPay', 'status': 'PAID'}",2026-02-15 07:42:00,
ORD000668,,C0056,P030,,499.0,0.0,Mobile App,07/02/2026 19:17,1.0,0%,Smartphone Model 30,Smartphone,499.0,Y,ลูกค้า 056,customer056@example.com,Chiang Mai,2024-02-21,PAY000668,"{'method': 'Bank Transfer', 'status': 'PAID'}",2026-02-07 19:23:00,
ORD000669,,C0071,P018,,3591.0,0.0,Marketplace,27/02/2026 16:22,1.0,0%,Smartphone Model 18,Smartphone,3990.0,Y,ลูกค้า 071,customer071@example.com,ชลบุรี,2024-03-26,PAY000669,"{'method': 'PromptPay', 'status': 'PAID'}",2026-02-27 17:20:00,
ORD000670,,C0024,P032,,24605.0,0.0,Mobile App,21/02/2026 19:23,1.0,0%,Notebook Model 32,Notebook,25900.0,Y,ลูกค้า 024,customer024@example.com,กรุงเทพมหานคร,2025-10-12,PAY000670,"{'method': 'Credit Card', 'status': 'PAID'}",2026-02-21 21:38:00,
ORD000671,,C0002,P019,,3990.0,0.0,Marketplace,17/02/2026 10:22,2.0,10%,Smartphone Model 19,Smartphone,3990.0,Y,ลูกค้า 002,customer002@example.com,Chonburi,2025-01-04,PAY000671,"{'method': 'Bank Transfer', 'status': 'PAID'}",2026-02-17 13:19:00,
ORD000672,,C0092,P001,,269.1,0.0,Marketplace,13/02/2026 21:25,1.0,10%,Notebook Model 01,Notebook,299.0,Y,ลูกค้า 092,customer092@example.com,กทม.,2024-09-26,PAY000672,"{'method': 'PromptPay', 'status': 'PAID'}",2026-02-14 00:09:00,
ORD000673,,C0041,P029,,3990.0,0.0,Mobile App,25/02/2026 00:45,1.0,0%,Notebook Model 29,Notebook,3990.0,Y,ลูกค้า 041,customer041@example.com,Rayong,2024-02-25,PAY000673,"{'method': 'PromptPay', 'status': 'PAID'}",2026-02-25 02:48:00,
ORD000674,,C0057,P013,,449.1,0.0,Marketplace,09/02/2026 10:08,3.0,5%,Smart Home Model 13,Smart Home,499.0,Y,ลูกค้า 057,customer057@example.com,Chiang Mai,2025-01-25,PAY000674,"{'method': 'Credit Card', 'status': 'PAID'}",2026-02-09 12:19:00,
ORD000675,,C0116,P025,,25900.0,0.0,Web,09/02/2026 12:58,1.0,5%,Accessory Model 25,Accessory,25900.0,Y,ลูกค้า 116,,Rayong,2025-02-05,PAY000675,"{'method': 'Bank Transfer', 'status': 'PAID'}",2026-02-09 13:57:00,
ORD000676,,C0137,P028,,284.05,0.0,Marketplace,15/02/2026 08:26,2.0,0%,Smartphone Model 28,Smartphone,299.0,Y,ลูกค้า 137,customer137@example.com,Phuket,2025-01-23,PAY000676,"{'method': 'Bank Transfer', 'status': 'PAID'}",2026-02-15 08:44:00,
ORD000677,,C0002,P018,,3790.5,0.0,Marketplace,22/02/2026 18:44,2.0,0%,Smartphone Model 18,Smartphone,3990.0,Y,ลูกค้า 002,customer002@example.com,Chonburi,2025-01-04,PAY000677,"{'method': 'Bank Transfer', 'status': 'PAID'}",2026-02-22 18:47:00,
ORD000678,,C0098,P022,,499.0,0.0,Marketplace,13/02/2026 15:53,1.0,0%,Accessory Model 22,Accessory,499.0,Y,ลูกค้า 098,customer098@example.com,เชียงใหม่,2025-05-17,PAY000678,"{'method': 'Credit Card', 'status': 'PAID'}",2026-02-13 18:51:00,
ORD000679,,C0140,P036,,269.1,0.0,Marketplace,02/02/2026 07:10,2.0,0%,Notebook Model 36,Notebook,299.0,Y,ลูกค้า 140,customer140@example.com,ภูเก็ต,2025-05-08,PAY000679,"{'method': 'PromptPay', 'status': 'PAID'}",2026-02-02 07:29:00,
ORD000680,,C0096,P003,,25900.0,0.0,Marketplace,24/02/2026 19:32,1.0,0%,Smartphone Model 03,Smartphone,25900.0,Y,ลูกค้า 096,customer096@example.com,กรุงเทพมหานคร,2025-12-01,PAY000680,"{'method': 'PromptPay', 'status': 'PAID'}",2026-02-24 21:25:00,
ORD000681,,C0065,P012,,990.0,0.0,Mobile App,15/02/2026 05:17,2.0,5%,Accessory Model 12,Accessory,990.0,Y,ลูกค้า 065,customer065@example.com,ขอนแก่น,2024-06-15,PAY000681,"{'method': 'Credit Card', 'status': 'REFUNDED'}",2026-02-15 07:15:00,
ORD000682,,C0021,P020,,474.05,0.0,Web,09/02/2026 05:17,4.0,5%,Smart Home Model 20,Smart Home,499.0,Y,ลูกค้า 021,customer021@example.com,เชียงใหม่,2024-02-06,PAY000682,"{'method': 'Credit Card', 'status': 'PAID'}",2026-02-09 07:25:00,
ORD000683,,C0101,P004,,1490.0,0.0,Marketplace,13/02/2026 15:47,1.0,0%,Smart Home Model 04,Smart Home,1490.0,Y,ลูกค้า 101,customer101@example.com,ภูเก็ต,2024-06-20,PAY000683,"{'method': 'Credit Card', 'status': 'PAID'}",2026-02-13 17:36:00,
ORD000684,,C0106,P002,,1490.0,0.0,Web,02/02/2026 09:17,1.0,0%,Smartphone Model 02,Smartphone,1490.0,Y,ลูกค้า 106,customer106@example.com,Phuket,2024-02-13,PAY000684,"{'method': 'Bank Transfer', 'status': 'PAID'}",2026-02-02 11:30:00,
ORD000685,,C0092,P010,,940.5,0.0,Mobile App,13/02/2026 10:36,1.0,0%,Smart Home Model 10,Smart Home,990.0,Y,ลูกค้า 092,customer092@example.com,กทม.,2024-09-26,PAY000685,"{'method': 'PromptPay', 'status': 'PAID'}",2026-02-13 13:32:00,
ORD000686,,C0121,P026,,12900.0,0.0,Marketplace,20/02/2026 03:36,4.0,0%,Smart Home Model 26,Smart Home,12900.0,Y,ลูกค้า 121,customer121@example.com,กรุงเทพมหานคร,2025-08-26,PAY000686,"{'method': 'PromptPay', 'status': 'PAID'}",2026-02-20 04:25:00,
ORD000687,,C0001,P026,,13545.0,0.0,Web,05/02/2026 06:30,1.0,0%,Smart Home Model 26,Smart Home,12900.0,Y,ลูกค้า 001,customer001@example.com,ชลบุรี,2024-07-29,PAY000687,"{'method': 'Credit Card', 'status': 'PAID'}",2026-02-05 06:53:00,
ORD000688,,C0131,P016,,1490.0,0.0,Marketplace,08/02/2026 15:59,1.0,10%,Accessory Model 16,Accessory,1490.0,Y,ลูกค้า 131,customer131@example.com,ระยอง,2024-09-08,PAY000688,"{'method': 'Credit Card', 'status': 'PAID'}",2026-02-08 16:25:00,
ORD000689,,C0104,P022,,449.1,0.0,Web,02/02/2026 18:44,4.0,0%,Accessory Model 22,Accessory,499.0,Y,ลูกค้า 104,customer104@example.com,ระยอง,2025-05-17,PAY000689,"{'method': 'Credit Card', 'status': 'PAID'}",2026-02-02 19:22:00,
ORD000690,,C0093,P035,,24605.0,0.0,Mobile App,21/02/2026 07:13,2.0,0%,Accessory Model 35,Accessory,25900.0,Y,ลูกค้า 093,customer093@example.com,Phuket,2025-08-13,PAY000690,"{'method': 'Bank Transfer', 'status': 'PAID'}",2026-02-21 09:01:00,
ORD000691,,C0152,P022,,499.0,0.0,Web,14/02/2026 20:23,1.0,10%,Accessory Model 22,Accessory,499.0,Y,ลูกค้า 152,customer152@example.com,Chonburi,2025-03-14,PAY000691,"{'method': 'PromptPay', 'status': 'PAID'}",2026-02-14 21:02:00,
ORD000692,,C0124,P008,,499.0,0.0,Mobile App,13/02/2026 12:15,1.0,0%,Accessory Model 08,Accessory,499.0,Y,ลูกค้า 124,customer124@example.com,กรุงเทพมหานคร,2025-08-06,PAY000692,"{'method': 'Bank Transfer', 'status': 'PAID'}",2026-02-13 12:59:00,
ORD000693,,C0071,P024,,313.95,0.0,Marketplace,16/02/2026 18:58,2.0,0%,Accessory Model 24,Accessory,299.0,Y,ลูกค้า 071,customer071@example.com,ชลบุรี,2024-03-26,PAY000693,"{'method': 'Bank Transfer', 'status': 'PAID'}",2026-02-16 20:43:00,
ORD000694,,C0102,P025,,23310.0,0.0,Web,19/02/2026 11:27,3.0,0%,Accessory Model 25,Accessory,25900.0,Y,ลูกค้า 102, customer102@example.com ,ระยอง,2025-09-03,PAY000694,"{'method': 'Bank Transfer', 'status': 'PAID'}",2026-02-19 14:01:00,
ORD000695,,C0032,P036,,284.05,0.0,Web,26/02/2026 01:31,2.0,0%,Notebook Model 36,Notebook,299.0,Y,ลูกค้า 032,customer032@example.com,ระยอง,2024-11-22,PAY000695,"{'method': 'PromptPay', 'status': 'PAID'}",2026-02-26 04:05:00,
ORD000696,,C0134,P016,,1415.5,0.0,Mobile App,04/02/2026 06:18,1.0,5%,Accessory Model 16,Accessory,1490.0,Y,ลูกค้า 134,customer134@example.com,Phuket,2025-08-29,PAY000696,"{'method': 'PromptPay', 'status': 'PAID'}",2026-02-04 07:21:00,
ORD000697,,C0031,P030,,523.95,0.0,Web,25/02/2026 13:43,4.0,5%,Smartphone Model 30,Smartphone,499.0,Y,ลูกค้า 031,customer031@example.com,Bangkok,2025-07-21,PAY000697,"{'method': 'Bank Transfer', 'status': 'PAID'}",2026-02-25 15:42:00,
ORD000698,,C0089,P024,,269.1,0.0,Web,16/02/2026 10:04,4.0,10%,Accessory Model 24,Accessory,299.0,Y,ลูกค้า 089,customer089@example.com,ชลบุรี,2024-02-07,PAY000698,"{'method': 'Credit Card', 'status': 'PAID'}",2026-02-16 11:36:00,
ORD000699,,C0086,P012,,891.0,0.0,Mobile App,22/02/2026 10:52,3.0,0%,Accessory Model 12,Accessory,990.0,Y,ลูกค้า 086,customer086@example.com,Bangkok,2025-04-12,PAY000699,"{'method': 'Credit Card', 'status': 'PAID'}",2026-02-22 11:25:00,
ORD000700,,C0074,P035,,25900.0,0.0,Mobile App,22/02/2026 21:48,4.0,0%,Accessory Model 35,Accessory,25900.0,Y,ลูกค้า 074,customer074@example.com,ขอนแก่น,2025-09-21,PAY000700,"{'method': 'Credit Card', 'status': 'FAILED'}",2026-02-22 23:07:00,
ORD000701,,C0022,P023,,269.1,0.0,Mobile App,05/02/2026 17:38,1.0,5%,Accessory Model 23,Accessory,299.0,Y,ลูกค้า 022,customer022@example.com,Bangkok,2025-07-21,PAY000701,"{'method': 'Bank Transfer', 'status': 'REFUNDED'}",2026-02-05 19:44:00,
ORD000702,,C0045,P027,,23310.0,0.0,Mobile App,18/02/2026 09:00,1.0,5%,Smartphone Model 27,Smartphone,25900.0,Y,ลูกค้า 045,customer045@example.com,Chiang Mai,2025-05-04,PAY000702,"{'method': 'Bank Transfer', 'status': 'PAID'}",2026-02-18 09:33:00,
ORD000703,,C0128,P007,,23310.0,0.0,Marketplace,23/02/2026 17:10,2.0,0%,Notebook Model 07,Notebook,25900.0,Y,ลูกค้า 128,customer128@example.com,ขอนเเก่น,2024-12-19,PAY000703,"{'method': 'PromptPay', 'status': 'PAID'}",2026-02-23 19:02:00,
ORD000704,,C0056,P029,,3790.5,0.0,Marketplace,25/02/2026 10:21,2.0,0%,Notebook Model 29,Notebook,3990.0,Y,ลูกค้า 056,customer056@example.com,Chiang Mai,2024-02-21,PAY000704,"{'method': 'PromptPay', 'status': 'PAID'}",2026-02-25 11:15:00,
ORD000705,,C0124,P031,,1341.0,0.0,Web,28/02/2026 23:21,1.0,0%,Smart Home Model 31,Smart Home,1490.0,Y,ลูกค้า 124,customer124@example.com,กรุงเทพมหานคร,2025-08-06,PAY000705,"{'method': 'PromptPay', 'status': 'FAILED'}",2026-02-28 23:55:00,
ORD000706,,C0122,P015,,313.95,0.0,Mobile App,24/02/2026 16:43,3.0,10%,Notebook Model 15,Notebook,299.0,Y,ลูกค้า 122,customer122@example.com,ขอนแก่น,2025-01-18,PAY000706,"{'method': 'Bank Transfer', 'status': 'PAID'}",2026-02-24 17:19:00,
ORD000707,,C0048,P032,,23310.0,0.0,Web,08/02/2026 09:26,1.0,10%,Notebook Model 32,Notebook,25900.0,Y,ลูกค้า 048,customer048@example.com,กทม.,2024-09-09,PAY000707,"{'method': 'PromptPay', 'status': 'PAID'}",2026-02-08 12:10:00,
ORD000708,,C0036,P013,,499.0,0.0,Mobile App,02/02/2026 20:37,4.0,0%,Smart Home Model 13,Smart Home,499.0,Y,ลูกค้า 036,customer036@example.com,กทม.,2024-10-26,PAY000708,"{'method': 'PromptPay', 'status': 'PAID'}",2026-02-02 22:51:00,
ORD000709,,C0119,P011,,24605.0,0.0,Web,18/02/2026 10:54,4.0,10%,Accessory Model 11,Accessory,25900.0,Y,ลูกค้า 119, customer119@example.com ,ขอนแก่น,2024-12-12,PAY000709,"{'method': 'PromptPay', 'status': 'PAID'}",2026-02-18 11:51:00,
ORD000710,,C0032,P013,,523.95,0.0,Web,04/02/2026 05:58,2.0,0%,Smart Home Model 13,Smart Home,499.0,Y,ลูกค้า 032,customer032@example.com,ระยอง,2024-11-22,PAY000710,"{'method': 'PromptPay', 'status': 'PAID'}",2026-02-04 07:11:00,
ORD000711,,C0002,P009,,313.95,0.0,Marketplace,05/02/2026 05:48,3.0,0%,Notebook Model 09,Notebook,299.0,Y,ลูกค้า 002,customer002@example.com,Chonburi,2025-01-04,PAY000711,"{'method': 'Credit Card', 'status': 'PAID'}",2026-02-05 08:36:00,
ORD000712,,C0081,P029,,3990.0,0.0,Marketplace,27/02/2026 12:33,2.0,10%,Notebook Model 29,Notebook,3990.0,Y,ลูกค้า 081,customer081@example.com,ขอนแก่น,2025-02-21,PAY000712,"{'method': 'Bank Transfer', 'status': 'PAID'}",2026-02-27 14:34:00,
ORD000713,,C0035,P030,,499.0,0.0,Marketplace,18/02/2026 09:46,2.0,10%,Smartphone Model 30,Smartphone,499.0,Y,ลูกค้า 035,customer035@example.com,Chonburi,2025-09-16,PAY000713,"{'method': 'PromptPay', 'status': 'PAID'}",2026-02-18 11:38:00,
ORD000714,,C0084,P020,,474.05,0.0,Web,06/02/2026 11:29,3.0,5%,Smart Home Model 20,Smart Home,499.0,Y,ลูกค้า 084,customer084@example.com,กทม.,2024-05-22,PAY000714,"{'method': 'Bank Transfer', 'status': 'FAILED'}",2026-02-06 12:04:00,
ORD000715,,C0150,P023,,313.95,0.0,Web,24/02/2026 12:52,1.0,0%,Accessory Model 23,Accessory,299.0,Y,ลูกค้า 150,customer150@example.com,Chiang Mai,2024-09-13,PAY000715,"{'method': 'Credit Card', 'status': 'PAID'}",2026-02-24 14:54:00,
ORD000716,,C0050,P001,,299.0,0.0,Mobile App,19/02/2026 23:59,1.0,5%,Notebook Model 01,Notebook,299.0,Y,ลูกค้า 050,customer050@example.com,Chiang Mai,2024-02-03,PAY000716,"{'method': 'Bank Transfer', 'status': 'PAID'}",2026-02-20 00:10:00,
ORD000717,,C0115,P032,,25900.0,0.0,Marketplace,08/02/2026 11:06,4.0,5%,Notebook Model 32,Notebook,25900.0,Y,ลูกค้า 115,customer115@example.com,Rayong,2024-02-01,PAY000717,"{'method': 'Bank Transfer', 'status': 'PAID'}",2026-02-08 12:25:00,
ORD000718,,C0011,P012,,940.5,0.0,Marketplace,20/02/2026 02:41,1.0,0%,Accessory Model 12,Accessory,990.0,Y,ลูกค้า 011,customer011@example.com,Chonburi,2024-06-14,PAY000718,"{'method': 'Credit Card', 'status': 'PAID'}",2026-02-20 04:48:00,
ORD000719,,C0158,P039,,940.5,0.0,Mobile App,06/02/2026 13:15,1.0,0%,Notebook Model 39,Notebook,990.0,N,ลูกค้า 158,customer158@example.com,เชียงใหม่,2024-02-23,PAY000719,"{'method': 'Bank Transfer', 'status': 'PAID'}",2026-02-06 15:41:00,
ORD000720,,C0057,P039,,940.5,0.0,Web,23/02/2026 23:02,4.0,0%,Notebook Model 39,Notebook,990.0,N,ลูกค้า 057,customer057@example.com,Chiang Mai,2025-01-25,PAY000720,"{'method': 'Credit Card', 'status': 'PAID'}",2026-02-24 00:28:00,
ORD000721,,C0032,P010,,990.0,0.0,Web,09/02/2026 12:51,3.0,0%,Smart Home Model 10,Smart Home,990.0,Y,ลูกค้า 032,customer032@example.com,ระยอง,2024-11-22,PAY000721,"{'method': 'Credit Card', 'status': 'PAID'}",2026-02-09 14:42:00,
ORD000722,,C0035,P019,,4189.5,0.0,Mobile App,04/02/2026 10:53,1.0,0%,Smartphone Model 19,Smartphone,3990.0,Y,ลูกค้า 035,customer035@example.com,Chonburi,2025-09-16,PAY000722,"{'method': 'Credit Card', 'status': 'PAID'}",2026-02-04 11:07:00,
ORD000723,,C0112,P006,,284.05,0.0,Mobile App,16/02/2026 16:06,2.0,0%,Accessory Model 06,Accessory,299.0,Y,ลูกค้า 112,customer112@example.com,กรุงเทพมหานคร,2025-11-24,PAY000723,"{'method': 'PromptPay', 'status': 'PAID'}",2026-02-16 18:26:00,
ORD000724,,C0043,P018,,3990.0,0.0,Web,12/02/2026 23:57,1.0,0%,Smartphone Model 18,Smartphone,3990.0,Y,ลูกค้า 043,customer043@example.com,ระยอง,2024-12-29,PAY000724,"{'method': 'Bank Transfer', 'status': 'PAID'}",2026-02-13 02:17:00,
ORD000725,,C0078,P020,,499.0,0.0,Web,24/02/2026 12:26,1.0,0%,Smart Home Model 20,Smart Home,499.0,Y,ลูกค้า 078,customer078@example.com,Rayong,2025-01-27,PAY000725,"{'method': 'Credit Card', 'status': 'PAID'}",2026-02-24 12:33:00,
ORD000726,,C0062,P036,,313.95,0.0,Mobile App,15/02/2026 13:06,1.0,0%,Notebook Model 36,Notebook,299.0,Y,ลูกค้า 062,customer062@example.com,ระยอง,2025-03-14,PAY000726,"{'method': 'PromptPay', 'status': 'PAID'}",2026-02-15 14:11:00,
ORD000727,,C0024,P003,,27195.0,0.0,Web,11/02/2026 18:43,1.0,0%,Smartphone Model 03,Smartphone,25900.0,Y,ลูกค้า 024,customer024@example.com,กรุงเทพมหานคร,2025-10-12,PAY000727,"{'method': 'Credit Card', 'status': 'FAILED'}",2026-02-11 19:45:00,
ORD000728,,C0111,P010,,940.5,0.0,Web,11/02/2026 00:52,2.0,5%,Smart Home Model 10,Smart Home,990.0,Y,ลูกค้า 111,customer111@example.com,ขอนเเก่น,2025-03-30,PAY000728,"{'method': 'Bank Transfer', 'status': 'PAID'}",2026-02-11 01:12:00,
ORD000729,,C0064,P040,,3591.0,0.0,Mobile App,16/02/2026 22:43,3.0,5%,Accessory Model 40,Accessory,3990.0,N,ลูกค้า 064,customer064@example.com,ขอนแก่น,2025-09-12,PAY000729,"{'method': 'PromptPay', 'status': 'PAID'}",2026-02-17 01:19:00,
ORD000730,,C0042,P010,,990.0,0.0,Web,22/02/2026 02:03,1.0,0%,Smart Home Model 10,Smart Home,990.0,Y,ลูกค้า 042,customer042@example.com,Rayong,2024-11-21,PAY000730,"{'method': 'Bank Transfer', 'status': 'PAID'}",2026-02-22 04:14:00,
ORD000731,,C0156,P007,,23310.0,0.0,Mobile App,20/02/2026 20:06,1.0,0%,Notebook Model 07,Notebook,25900.0,Y,ลูกค้า 156,customer156@example.com,กรุงเทพมหานคร,2024-07-31,PAY000731,"{'method': 'PromptPay', 'status': 'PAID'}",2026-02-20 21:21:00,
ORD000732,,C0019,P021,,25900.0,0.0,Mobile App,22/02/2026 09:06,2.0,0%,Smart Home Model 21,Smart Home,25900.0,Y,ลูกค้า 019,customer019@example.com,Rayong,2025-01-23,PAY000732,"{'method': 'Credit Card', 'status': 'PAID'}",2026-02-22 10:46:00,
ORD000733,,C0030,P022,,499.0,0.0,Marketplace,20/02/2026 07:18,2.0,0%,Accessory Model 22,Accessory,499.0,Y,ลูกค้า 030,customer030@example.com,ชลบุรี,2024-07-04,PAY000733,"{'method': 'PromptPay', 'status': 'PAID'}",2026-02-20 09:18:00,
ORD000734,,C0165,P035,,25900.0,0.0,Mobile App,06/02/2026 18:28,1.0,5%,Accessory Model 35,Accessory,25900.0,Y,,,,,PAY000734,"{'method': 'PromptPay', 'status': 'PAID'}",2026-02-06 21:19:00,
ORD000735,,C0092,P032,,25900.0,0.0,Web,16/02/2026 16:19,1.0,0%,Notebook Model 32,Notebook,25900.0,Y,ลูกค้า 092,customer092@example.com,กทม.,2024-09-26,PAY000735,"{'method': 'Credit Card', 'status': 'PAID'}",2026-02-16 17:19:00,
ORD000736,,C0022,P003,,25900.0,0.0,Mobile App,27/02/2026 17:04,1.0,10%,Smartphone Model 03,Smartphone,25900.0,Y,ลูกค้า 022,customer022@example.com,Bangkok,2025-07-21,PAY000736,"{'method': 'Bank Transfer', 'status': 'PAID'}",2026-02-27 18:57:00,
ORD000737,,C0003,P032,,25900.0,0.0,Web,25/02/2026 13:07,1.0,0%,Notebook Model 32,Notebook,25900.0,Y,ลูกค้า 003,customer003@example.com,ขอนแก่น,2025-10-10,PAY000737,"{'method': 'Credit Card', 'status': 'PAID'}",2026-02-25 13:39:00,
ORD000738,,C0105,P024,,313.95,0.0,Mobile App,10/02/2026 06:24,2.0,5%,Accessory Model 24,Accessory,299.0,Y,ลูกค้า 105,customer105@example.com,ภูเก็ต,2024-08-14,PAY000738,"{'method': 'Bank Transfer', 'status': 'PAID'}",2026-02-10 07:53:00,
ORD000739,,C0114,P035,,27195.0,0.0,Marketplace,10/02/2026 10:59,2.0,0%,Accessory Model 35,Accessory,25900.0,Y,ลูกค้า 114,customer114@example.com,Chiang Mai,2025-04-05,PAY000739,"{'method': 'Credit Card', 'status': 'PAID'}",2026-02-10 13:35:00,
ORD000740,,C0012,P015,,284.05,0.0,Marketplace,08/02/2026 18:37,2.0,5%,Notebook Model 15,Notebook,299.0,Y,ลูกค้า 012,customer012@example.com,ขอนเเก่น,2025-11-17,PAY000740,"{'method': 'Bank Transfer', 'status': 'PAID'}",2026-02-08 18:49:00,
ORD000741,,C0145,P024,,313.95,0.0,Marketplace,19/02/2026 02:17,2.0,0%,Accessory Model 24,Accessory,299.0,Y,ลูกค้า 145,,Phuket,2024-06-01,PAY000741,"{'method': 'PromptPay', 'status': 'PAID'}",2026-02-19 05:03:00,
ORD000742,,C0079,P033,,13545.0,0.0,Marketplace,11/02/2026 14:38,3.0,0%,Smart Home Model 33,Smart Home,12900.0,Y,ลูกค้า 079,customer079@example.com,ภูเก็ต,2024-08-28,PAY000742,"{'method': 'Credit Card', 'status': 'REFUNDED'}",2026-02-11 17:00:00,
ORD000743,,C0041,P005,,299.0,0.0,Marketplace,14/02/2026 15:45,1.0,5%,Smartphone Model 05,Smartphone,299.0,Y,ลูกค้า 041,customer041@example.com,Rayong,2024-02-25,PAY000743,"{'method': 'PromptPay', 'status': 'PAID'}",2026-02-14 17:19:00,
ORD000744,,C0148,P026,,12255.0,0.0,Mobile App,26/02/2026 07:55,1.0,0%,Smart Home Model 26,Smart Home,12900.0,Y,ลูกค้า 148,customer148@example.com,Chiang Mai,2025-07-20,PAY000744,"{'method': 'PromptPay', 'status': 'PAID'}",2026-02-26 10:43:00,
ORD000745,,C0045,P037,,25900.0,0.0,Mobile App,13/02/2026 18:44,2.0,0%,Smart Home Model 37,Smart Home,25900.0,Y,ลูกค้า 045,customer045@example.com,Chiang Mai,2025-05-04,PAY000745,"{'method': 'Credit Card', 'status': 'PAID'}",2026-02-13 20:55:00,
ORD000746,,C0148,P011,,27195.0,0.0,Marketplace,24/02/2026 06:03,1.0,0%,Accessory Model 11,Accessory,25900.0,Y,ลูกค้า 148,customer148@example.com,Chiang Mai,2025-07-20,PAY000746,"{'method': 'Bank Transfer', 'status': 'PAID'}",2026-02-24 07:16:00,
ORD000747,,C0147,P035,,25900.0,0.0,Web,25/02/2026 20:17,4.0,5%,Accessory Model 35,Accessory,25900.0,Y,ลูกค้า 147,customer147@example.com,Chonburi,2024-08-13,PAY000747,"{'method': 'PromptPay', 'status': 'PAID'}",2026-02-25 20:28:00,
ORD000748,,C0150,P003,,25900.0,0.0,Mobile App,16/02/2026 22:38,4.0,5%,Smartphone Model 03,Smartphone,25900.0,Y,ลูกค้า 150,customer150@example.com,Chiang Mai,2024-09-13,PAY000748,"{'method': 'Credit Card', 'status': 'PAID'}",2026-02-17 00:27:00,
ORD000749,,C0148,P024,,269.1,0.0,Marketplace,27/02/2026 04:04,2.0,5%,Accessory Model 24,Accessory,299.0,Y,ลูกค้า 148,customer148@example.com,Chiang Mai,2025-07-20,PAY000749,"{'method': 'PromptPay', 'status': 'PAID'}",2026-02-27 06:12:00,
ORD000750,,C0115,P002,,1490.0,0.0,Web,17/02/2026 15:20,4.0,0%,Smartphone Model 02,Smartphone,1490.0,Y,ลูกค้า 115,customer115@example.com,Rayong,2024-02-01,PAY000750,"{'method': 'Credit Card', 'status': 'PAID'}",2026-02-17 17:50:00,
